ticker,beta_3,atr_3,sma20_percent_3,sma50_percent_3,sma200_percent_3,high_52w_percent_3,low_52w_percent_3,rsi_3,price_3,change_percent_3,from_open_percent_3,gap_3,volume_3,beta_2,atr_2,sma20_percent_2,sma50_percent_2,sma200_percent_2,high_52w_percent_2,low_52w_percent_2,rsi_2,price_2,change_percent_2,from_open_percent_2,gap_2,volume_2,beta_1,atr_1,sma20_percent_1,sma50_percent_1,sma200_percent_1,high_52w_percent_1,low_52w_percent_1,rsi_1,price_1,change_percent_1,from_open_percent_1,gap_1,volume_1
CDIO,4.42,0.1,190.84,258.86,75.1,-69.66,468.42,90.69,1.08,38.46,38.32,0.1,23081897,4.53,0.08,131.03,174.83,25.76,-78.09,310.53,86.01,0.78,41.82,40.54,0.91,13712821,4.52,0.07,72.8,101.76,-12.05,-84.55,189.47,78.19,0.55,18.43,3.77,14.13,47047011
GXAI,1.39,0.75,195.44,226.87,51.69,-74.01,394.06,90.1,4.99,22.3,33.42,-8.33,56487988,2.45,0.51,169.75,179.72,23.47,-78.75,303.96,87.36,4.08,56.92,12.09,40,107556400,2.83,0.32,88.34,84.53,-21.59,-86.46,157.43,78.28,2.6,83.1,30.65,40.14,144990417
QSI,3.18,0.27,89.45,133.36,78,-7,269.22,74.82,2.26,13.57,20.86,-6.03,29142207,3.23,0.24,76.12,111.5,57.09,-18.11,225.11,71.42,1.99,49.62,42.14,5.26,41258327,3.23,0.19,23.44,44.66,5.17,-45.27,117.28,58.77,1.33,10.83,8.13,2.5,9900476
RVPH,-0.06,0.37,86.46,102.57,41.88,-55.56,320,84.53,2.52,18.87,5,13.21,9648937,-0.03,0.33,66.21,73.43,18.75,-62.61,253.33,80.05,2.12,28.48,22.54,4.85,21796983,-0.03,0.15,35.74,36.7,-8.15,-70.9,175,70.83,1.65,15.38,9.27,5.59,1898352
AGFY,10.37,9.29,-19.89,72.74,259.17,-68.42,884.1,48.82,26.67,-12.84,-8.35,-4.9,182809,10.33,9.7,-4.97,104.35,317.27,-63.76,1029.11,51.87,30.6,13.29,17.69,-3.74,133830,10.35,9.92,-12.74,87.18,273.74,-68.01,896.64,49.18,27.01,-16.92,-11.56,-6.06,179430
CRVO,1.61,2.26,-77.89,-81.77,-87.2,-91.81,-63.08,24.49,2.16,-78.93,-14.62,-75.32,8194729,1.6,1.81,-0.16,-15.25,-39.47,-61.14,75.21,46.37,10.25,-13.94,-26.84,17.63,385610,1.61,1.64,14.73,-2.31,-29.74,-54.85,103.59,55.87,11.91,22.53,13.97,7.51,579999
DRCT,6.84,0.22,-31.34,-57.09,-85.33,-97.48,19.67,30.42,0.91,-10.29,-11.18,1,225641,6.83,0.23,-28.13,-52.71,-83.87,-97.19,33.39,32.42,1.01,18.32,18.27,0.05,431089,6.83,0.23,-42.47,-60.47,-86.54,-97.62,12.73,25.59,0.85,-10.24,-5.17,-5.35,227715
SATL,1.91,0.47,107.35,192.21,210.24,-27.5,452.78,76.27,3.98,-16.03,-6.13,-10.55,2645713,2,0.43,167.34,263.76,273.09,15.61,558.33,94.38,4.74,20.92,-0.21,21.17,8130622,1.99,0.34,147.33,218.84,212.47,0.51,444.44,92.63,3.92,24.84,10.42,13.06,5468623
SNTI,2.57,1.3,48.17,97.75,84.44,-66.82,269.71,58.19,5.62,-13.8,-12.05,-1.99,275879,2.7,1.33,79.91,134.97,114.44,-61.51,328.92,63.56,6.52,18.55,15.6,2.55,786778,2.65,1.3,61.57,104.49,81.62,-67.53,261.82,59.64,5.5,-11.29,-8.33,-3.23,397095
UAMY,0.87,0.2,56.48,82.8,197.53,-36.24,702.54,63.89,1.39,-14.2,-6.71,-8.02,9101680,0.9,0.19,89.91,116.62,251.14,-16.49,835.33,73.69,1.62,-14.74,-23.58,11.58,20464500,0.9,0.15,136.03,159.95,318.17,38.69,997,89.13,1.9,40.74,31.94,6.67,20126433
ESPR,0.99,0.36,-2.68,13.9,20,-31.73,100,48.98,2.69,-11.51,-10.93,-0.66,19098355,0.97,0.33,10.51,29.9,35.55,-22.84,126.02,55.53,3.04,-20.63,-20.83,0.26,13576912,0.99,0.28,40.55,65.63,70.93,0.52,184.76,77.15,3.83,10.06,9.43,0.57,5566735
GOEV,1.18,0.07,-66.82,-80.08,-92.64,-98.16,8.33,19.26,0.13,-23.53,-19.2,-5.35,86089877,1.16,0.07,-59.72,-74.55,-90.44,-97.6,-19.51,20.78,0.17,-29.17,-26.09,-4.17,92988940,1.14,0.06,-46.43,-64.93,-86.59,-96.61,-19.4,23.83,0.24,-21.77,-20,-2.22,36811769
ICCT,0.69,0.03,9.67,-22.91,-74.05,-93.98,27.23,48.37,0.19,-12.5,-5.31,-7.59,9670399,0.73,0.03,26.32,-13,-70.6,-93.13,45.41,57.17,0.22,18.6,1.48,16.87,308184932,0.76,0.02,8.06,-27.39,-75.43,-94.2,22.6,45.65,0.19,11.08,4.21,6.59,3483432
TNFA,2.17,0.17,-2.83,-14.61,-38.23,-88.56,14.02,45.99,1.22,-22.29,-17.57,-5.73,437637,2.18,0.15,24.68,9.53,-20.95,-85.28,46.73,62.85,1.57,11.35,1.29,9.93,1364403,2.2,0.15,12.64,-1.7,-29.34,-86.78,31.78,56,1.41,13.71,6.02,7.26,983031
ASST,6.85,0.13,18.23,-16.79,-59.52,-84.25,70.3,51.79,0.69,22.34,5.42,16.05,27614213,6.73,0.12,-4.06,-32.95,-67.1,-87.13,39.2,43.09,0.56,-18.25,2.73,-20.42,3853033,7.13,0.12,15.01,-19.41,-59.99,-84.25,70.27,51.76,0.69,48.95,-1.45,51.14,146968474
BSGM,0.59,0.27,-15.1,19.76,57.84,-71.39,611.44,48.19,1.43,10,5.93,3.85,264263,0.59,0.27,-24.05,10.97,44.22,-73.99,546.77,44.58,1.3,18.18,20.37,-1.82,237652,0.57,0.27,-37.44,-4.53,22.59,-78,447.26,38.45,1.1,-22.54,-23.08,0.7,437807
MSPR,-2.42,0.57,20.78,-17.55,-80.97,-96.96,59.44,50.3,2.28,12.87,14.57,-1.49,416565,-2.43,0.57,5.42,-27.61,-83.27,-97.31,41.26,47.11,2.02,-12.17,-6.05,-6.52,458909,-2.42,0.57,16.54,-18.58,-81.09,-97.44,60.84,50.34,2.3,-29.01,-4.17,-25.93,746907
SXTP,4.61,0.2,94.28,113.98,-0.14,-87.96,215.04,81.59,60,13.33,10.5,2.56,3339775,5.05,0.18,80.97,92.7,-12.09,-89.38,177.98,78.33,60,34.48,25.81,6.9,6271117,5.31,0.14,40.84,45.3,-34.83,-92.1,106.7,68.31,60,26.09,15.08,9.57,275445
VRAR,1.92,0.17,96.91,109.34,55.01,-13.29,198.09,81.71,1.5,31.58,30.43,0.88,16894756,1.96,0.13,57.96,62.47,17.75,-34.1,126.55,73.81,1.14,35.71,5.56,28.57,30122042,1.98,0.1,20.38,21.04,-13.38,-51.45,66.93,60.67,0.84,14.8,9.42,4.92,483177
XFOR,0.29,0.08,85.1,54.94,-5.93,-52.46,191.23,74.38,0.76,12.96,11.87,0.98,10725760,0.32,0.07,67.29,37.86,-16.85,-57.91,157.81,70.29,0.67,27.56,22.44,4.19,13896820,0.34,0.06,31.31,8.09,-34.93,-67.01,102.11,60.51,0.53,32.27,22.77,7.74,6766873
BNZI,-0.67,0.32,0.78,-34.5,-85.51,-99.81,22.01,43.8,1.58,-12.71,-7.6,-5.52,615689,-0.71,0.33,14.83,-26.9,-83.66,-99.78,39.77,48.58,1.81,-11.71,-8.12,-3.9,1314278,-0.66,0.32,29.52,-19.08,-81.76,-99.75,58.3,54.34,2.05,47.48,-1.44,49.64,54312494
CARM,1.51,0.06,-39.74,-46.9,-63.01,-84.65,-12.8,11.95,0.49,-12.82,-9.72,-3.43,920974,1.52,0.06,-32.91,-39.72,-57.9,-82.4,-12.01,14.06,0.56,-19.69,-16.97,-3.28,797085,1.51,0.06,-18.62,-25.58,-47.97,-78.08,-11.36,20.5,0.69,-11.43,-8.98,-2.7,655896
DHAI,-0.58,0.22,14.31,2.28,-22.03,-89.57,101.95,51.58,1.45,-11.59,-3.33,-8.54,59758,-0.62,0.21,31.37,15.43,-11.65,-88.2,128.41,58.06,1.64,-15.9,-17.17,1.54,152162,-0.59,0.2,59.34,36.8,5.28,-85.97,171.59,71.7,1.95,25,18.18,5.77,289695
RGTI,2.72,0.85,93.58,211.24,347.96,-25,804.55,72.22,5.97,-19.11,-10.23,-9.89,156750306,2.63,0.75,157.1,306.82,462.11,7.11,1018.18,91.47,7.38,13.71,-7.29,22.65,308532784,2.71,0.64,151.94,285.96,404.99,27.5,883.33,89.89,6.49,45.19,50.93,-3.8,237172790
AMPG,0.66,0.3,116.03,131.41,68.64,-13.73,243.75,83.54,2.2,13.99,-3.93,18.65,79697833,0.68,0.22,103.07,109.45,48.1,-24.31,201.56,80.67,1.93,94.54,8.43,79.42,191764387,0.68,0.12,10.43,10.43,-23.86,-61.09,55.02,55.72,0.99,12.74,12.33,0.36,1222146
BJDX,0.69,1,18.22,-2.83,-95.74,-99.71,51.82,51.28,4.6,12.2,12.75,-0.49,63074,0.64,1.03,4.57,-13.95,-96.25,-99.74,35.31,48.05,4.1,-15.29,-2.61,-13.02,74942,0.67,1.05,21.42,0.67,-95.63,-99.69,59.74,52.86,4.84,19.21,19.8,-0.49,123859
AUMN,0.14,0.03,-51.76,-58.93,-68.91,-84.63,-8.97,17.62,0.12,-18.5,-16.76,-2.09,1392174,0.12,0.03,-43.02,-50.17,-61.95,-81.14,-14.89,20.09,0.15,-15.37,-21.76,8.17,1078554,0.12,0.03,-34.7,-41.65,-55.26,-77.71,-17.65,23.04,0.17,-22.91,-23.58,0.88,613166
BURU,-0.22,0.12,-23.35,-39.08,-88.66,-97.86,108.62,42.31,0.33,-33.27,-9.78,-26.03,29199928,-0.18,0.1,13.87,-9.09,-83.17,-96.79,212.62,52.86,0.5,101.69,11.18,81.41,141403049,-0.2,0.09,-42.98,-54.85,-91.73,-98.41,-35.4,27.42,0.25,-42.46,-49.9,14.85,28196269
CADL,-1,1.47,32.97,26.17,13.5,-53.77,561.76,56.74,6.75,-31.12,-0.15,-31.02,18606225,-0.94,1.3,97.83,83.2,65.46,-32.88,880,81.24,9.8,26.45,22.81,2.97,28028189,-0.93,1.17,65.66,46.52,31.74,-45.8,856.79,74.32,7.75,68.11,-38,171.15,100478465
QTTB,-0.45,4.03,-84.02,-90.05,-88.01,-93.12,-11.27,15.6,3.7,-12.94,-14.94,2.35,1856365,-0.47,4.29,-82.83,-88.8,-86.25,-92.1,-26.72,15.85,4.25,-28.57,-28.57,0,2469443,-0.48,4.48,-77.57,-84.63,-80.79,-88.94,-37.63,16.62,5.95,-75.62,-25.63,-67.23,3400299
SFIX,1.99,0.54,-12.17,6.58,18.51,-43.88,90.29,46.07,3.92,-15.7,-14.97,-0.86,12349963,1.98,0.52,4.4,27.28,40.73,-33.43,125.73,53.13,4.65,-29.97,-28.24,-2.41,16994454,1.99,0.4,50.53,83.79,101.39,31.62,222.33,86.78,6.64,44.35,15.48,25,27597751
CSBR,0.46,0.57,35.62,41.24,31.78,-11.22,75.83,71.05,6.33,22.67,19.43,2.71,137106,0.47,0.5,12.81,16.06,7.5,-27.63,43.33,59.4,5.16,-11.64,-17.17,6.68,156399,0.46,0.4,28.46,31.74,21.56,-18.1,62.22,75.88,5.84,12.09,3.36,8.45,308163
BNED,2.13,1.28,7.94,15.87,-49.7,-94.73,97.02,54.78,11.92,-10.24,-10.17,-0.08,1240378,2.14,1.15,21.43,29.77,-44.87,-94.12,119.5,63.94,13.28,15.38,12.93,2.17,527484,2.14,1.09,6.78,13.39,-53.03,-94.91,90.25,54.81,11.51,-11.53,-6.27,-5.61,722719
NEHC,0.02,1.14,-74.31,-77.1,-77.44,-80.47,-23.81,5.59,2.4,-29.62,-32.96,4.99,332569,0.01,1.14,-65.17,-68,-68.07,-72.25,-5.54,6.42,3.41,-23.02,-17.43,-6.77,154224,-0.03,1.13,-56.52,-59.02,-58.65,-63.95,22.71,7.46,4.43,-14.97,-12.45,-2.88,246494
SPGC,3.57,0.19,-80.35,-84.06,-93.06,-97,-1.79,12.43,0.28,-11,-11.29,0.32,3396960,3.54,0.2,-78.96,-82.76,-92.26,-96.63,10.36,12.7,0.31,-17.14,-20.57,4.32,7249131,3.06,0.2,-75.75,-79.91,-90.73,-95.93,-73.17,13.18,0.37,-73.36,16.53,-77.14,29260978
TRUG,-0.77,0.13,5.36,-16.75,-53.34,-95.69,45.51,48.45,0.51,-25.45,-10.53,-16.68,6662207,-0.75,0.12,41.77,10.09,-37.64,-94.21,95.18,65.07,0.68,31.84,-19.1,62.96,141151855,-0.75,0.1,10.23,-17.2,-52.83,-95.61,48.05,49.94,0.52,17.66,18.5,-0.7,66724187
RR,1.3,0.12,34.84,42.04,-11.76,-92.1,221.44,63.83,0.97,14.92,7.87,6.53,14881175,1.57,0.11,20.74,24.53,-23.43,-93.12,179.72,57.78,0.85,12.72,12.39,0.29,5507975,1.46,0.11,9.14,10.97,-32.32,-93.9,148.15,52.17,0.75,-11.2,-11.78,0.65,5073992
SOBR,0.22,0.77,-77.16,-82.31,-95.01,-98.86,1.01,20.28,1,-13.04,-10.71,-2.61,2206193,0.22,0.8,-74.61,-80.29,-94.35,-98.69,-67.7,20.77,1.15,-67.79,-2.54,-66.95,5444596,0.21,0.67,-23.74,-39.37,-82.75,-95.94,-3.51,32.55,3.57,-11.19,-9.85,-1.49,27271
XXII,1.5,1.73,-61.52,-68.72,-96.08,-99.25,-21.05,17.41,22,-22,-12.6,-10.75,460512,1.51,0.01,-52.46,-61.07,-95.05,-99.04,-1.66,19.33,22,-15.48,-7.78,-8.35,13800693,1.5,0.01,-45.34,-55.19,-94.22,-98.86,-30.94,21.14,22,-33.2,-3.73,-30.61,41442449
APDN,0.45,0.04,29.83,1.65,-90.04,-98.4,91.03,53.62,0.23,24.46,21.05,2.81,30919237,0.45,0.04,6.13,-19.36,-92.18,-98.82,53.49,45.17,0.18,12.27,2.67,9.36,9018502,0.43,0.04,-4.85,-29.32,-93.19,-98.96,14.62,40.66,0.16,-26.32,-21.62,-6,14773213
BLUE,0.72,1.56,12.46,3.66,-45.78,-85.98,54.66,52.48,8.97,14.85,15.44,-0.51,1105545,0.73,1.51,-0.64,-10.04,-53.1,-89.09,34.66,48.39,7.81,23.19,24.76,-1.26,947485,0.73,1.47,-18.62,-27.57,-62.19,-91.15,9.31,42.56,6.34,-16.58,-16.14,-0.53,716424
CERO,0.3,0.03,-59.7,-52.73,-90.85,-99.52,20.27,36.83,0.06,19.8,22.2,-1.96,153392344,0.33,0.04,-68.23,-60.74,-92.5,-99.6,-7.78,34.42,0.05,-10.05,-8.27,-1.94,41990179,0.32,0.04,-67.09,-56.64,-91.84,-99.56,-10.85,35.12,0.06,-18.53,-19.8,1.58,30866445
QBTS,1.73,0.93,124.15,276.93,451.63,9.09,1132.94,83.92,8.4,16.18,1.94,13.97,171676493,1.73,0.83,112.68,247.64,385.92,34.39,961.21,80.94,7.23,44.6,44.6,0,162283917,1.76,0.68,60.26,155.73,242.38,-7.06,633.89,71.6,5,27.88,28.21,-0.26,80264717
ALBT,0.23,0.66,-17.75,-15.85,-42.73,-87.59,27.01,41.99,2.68,-14.38,-11.84,-2.88,69547,0.23,0.68,-4.09,-2.16,-33.35,-85.51,48.34,46.4,3.13,-18.91,-16.53,-2.85,51798,0.2,0.67,19.04,20.65,-18.05,-82.13,82.94,55.13,3.86,-16.09,-14.41,-1.96,112753
AMOD,0.04,1.75,-73.68,-75.91,-76.39,-80.8,-7.17,24.46,2.59,-13.67,-12.2,-1.67,83948,0,1.83,-70.77,-72.56,-72.76,-77.76,-33.33,25.17,3,-45.45,-39.39,-10,247217,0.01,1.71,-48.49,-50.45,-50.22,-59.23,-32.68,30.08,5.5,-42.11,-56.21,32.21,148455
BGFV,2.31,0.19,-0.6,-5.13,-32.26,-74.29,19.72,48.49,1.73,-25.75,-23.45,-3,1714844,2.32,0.15,34.29,27.32,-9.21,-65.38,61.25,72.72,2.33,26.63,28.73,-1.63,2316588,2.33,0.11,7.79,0.88,-28.6,-73.33,27.34,56.08,1.84,14.29,13.58,0.62,1094174
EKSO,1.46,0.07,-5.9,-23.74,-43.29,-79.83,26.2,40.76,0.63,-11.99,-12.36,0.42,209933,1.46,0.07,6.32,-14.15,-35.83,-77.08,43.4,49.79,0.72,12.05,8.64,3.14,223641,1.47,0.06,-5.11,-23.96,-43.08,-79.55,27.98,38.44,0.64,12.92,13.06,-0.12,194828
MODV,0.55,1.22,-32.04,-28.68,-47.25,-77.49,7.09,26.21,11.78,-16.42,-16.16,-0.32,367144,0.54,1.13,-19.57,-15.11,-37.16,-73.07,28.14,32.95,14.1,-11.35,-9.94,-1.57,439207,0.54,1.08,-9.65,-4.45,-29.39,-69.62,44.55,40.5,15.9,-10.77,-8.62,-2.36,178147
OPTX,-0.94,0.52,113.38,94.98,7.98,-69.73,200.56,64.92,2.54,-28.05,-18.33,-11.9,4461186,-0.73,0.45,218.22,176.23,49.09,-57.93,317.7,85.02,3.53,98.31,-8.07,115.73,93016830,-0.71,0.23,81.21,44.37,-25.07,-78.78,110.63,69.53,1.78,80.6,79.8,0.45,11654466
PRSO,1.58,0.12,9.15,-22.1,-29.65,-91.32,33.21,48.62,0.97,-11.6,-10.79,-0.91,304916,1.59,0.12,24.5,-12.86,-20.61,-90.18,50.68,57.23,1.1,17.52,5.77,11.11,654576,1.6,0.11,7.4,-26.52,-32.6,-91.64,28.22,45.77,0.94,12.64,14.15,-1.32,653867
PTPI,2.06,0.07,11.26,8.45,-35.13,-84.53,59.01,52.14,0.35,-29.78,8.03,-35,7439614,2.13,0.06,61,54.63,-8.6,-77.97,126.45,71.02,0.5,87.27,61.24,16.14,62663232,2.11,0.04,-10.61,-16.6,-51.69,-88.24,20.92,38.84,0.27,-19.04,-10.1,-9.95,1455434
SIDU,-0.93,0.76,137.6,115.15,63.12,-75.86,295.65,71.77,4.55,-18.75,-9,-10.71,12220278,-0.79,0.72,219.63,169.59,100.71,-70.29,386.96,88.02,5.6,22.27,0.72,21.4,73652129,-0.77,0.53,199.25,126.76,64.13,-75.7,298.26,84.95,4.58,220.28,103.56,57.34,293024366
UAVS,4.22,1.31,-15.89,20.02,-78.3,-95.77,224.03,47.11,4.99,-11.68,-15.28,4.25,898579,4.21,1.32,-3.96,36.08,-75.68,-95.21,266.88,50.38,5.65,-17.16,-11.58,-6.3,1308570,4.22,1.32,17.69,58.43,-70.97,-94.76,342.86,56.87,6.82,31.41,27.48,3.08,3532405
LUXH,-1.47,0.37,0.96,-58.08,-96.65,-99.79,90.57,38.2,1.01,18.82,27.85,-7.06,3507547,-1.44,0.37,-18.92,-65.9,-97.27,-99.82,60.38,32.87,0.85,59.68,32.61,20.42,29208685,-1.43,0.27,-52.15,-79.34,-98.34,-99.89,-1.5,20.19,0.53,-14.15,-13.99,-0.18,192930
MOBX,-0.26,0.29,88.67,140.94,43.73,-82.6,293.83,76.06,2.17,16.04,5.85,9.63,5453331,-0.25,0.26,74.4,113.36,23.94,-85,239.38,72.1,1.87,35.51,23.03,10.14,2205389,-0.23,0.24,36.76,60.68,-8.58,-88.96,150.45,62.76,1.38,20,15,4.35,1453887
QUBT,3.06,2.5,210.74,521.01,1519.32,42.19,7135.84,90.2,25.68,52.95,33.47,14.59,227920804,3.11,1.89,136.24,361.77,1048.74,36.73,4630.91,84.38,16.79,51.53,19.42,26.9,188830607,3.14,1.5,73.47,234.28,701.84,20.43,3022.01,75.81,11.08,65.25,56.06,5.89,113561340
SKYT,3.68,1.22,69.92,67.22,76.83,16.31,179.93,87.14,15.76,20.49,12.57,7.03,9265360,3.72,0.86,47.01,40.89,47.11,0.85,132.33,81.49,13.08,28.74,28.99,-0.2,4197722,3.71,0.63,17.61,10.54,14.35,-21.67,80.46,66.69,10.16,10.92,11.04,-0.11,739973
VNCE,1.75,0.24,57.32,48.55,35.48,-43.32,131.03,72.92,2.68,69.62,48.89,13.92,1540162,1.75,0.16,-4.5,-11.76,-20.22,-66.58,36.21,45.19,1.58,13.67,10.49,2.88,18306,1.75,0.15,-16.34,-22.73,-30.09,-70.6,20.87,34.42,1.39,-11.46,-14.72,3.82,31356
COEP,-0.86,0.03,-24.45,-27.1,-44.09,-85.1,-4.37,35.79,0.14,-18.41,-14.7,-4.35,2316422,-0.9,0.02,-8.58,-10.95,-31.99,-81.74,17.21,44.08,0.18,-16.07,-25.34,12.42,2949628,-0.9,0.02,8.43,6.17,-19.52,-78.25,39.64,56.79,0.21,10.47,8.21,2.09,904355
PRTG,1.3,1.36,27.02,14.5,4,-85.66,178.84,54.89,5.85,-25.95,-22.31,-4.68,191747,1.46,1.26,73.95,53.99,39.76,-80.64,276.55,68.06,7.9,-12.61,-11.14,-1.66,1110336,1.54,1.17,107.62,76.58,59.45,-77.84,330.89,77.69,9.04,178.15,0,178.15,36558141
CVM,0.58,0.11,19.88,2.18,-36.71,-76.31,54.66,55.69,0.77,23.4,14.78,7.52,7253849,0.56,0.08,-1.8,-17.8,-49.06,-80.8,25.33,45.66,0.62,-18.09,-20.51,3.05,1364001,0.57,0.07,19.65,-0.78,-38.22,-76.57,53,56.95,0.76,16.45,18.27,-1.54,841262
MIND,0.98,0.5,54.34,80.08,69.94,0.68,143.93,78.36,7.44,17.17,15.53,1.42,535159,1.1,0.45,36.9,56.47,45.24,-12.89,108.2,71.87,6.35,-11.56,-12.65,1.25,521833,1.13,0.4,59.17,79.14,64.28,2.87,135.41,91.22,7.18,13.97,13.97,0,900408
TNYA,2.93,0.46,-51.76,-41.26,-57.02,-79.89,42.9,32.94,1.41,14.63,12.8,1.63,6501642,2.77,0.48,-58.5,-48.89,-62.8,-82.45,24.66,29.58,1.23,-12.77,-13.38,0.71,11082414,2.73,0.5,-53.24,-41.65,-57.71,-79.89,-12.42,31.02,1.41,-51.04,-29.5,-30.56,42354552
MGOL,7,0.19,-54.88,-59.67,-72.38,-94.81,-29.63,10.86,0.95,-32.14,-32.14,0,222611,6.88,0.17,-35.65,-41.35,-59.47,-92.35,-11.39,15.19,1.4,-11.95,-20.9,11.32,139701,6.92,0.15,-28.54,-33.94,-54.14,-91.31,-16.53,18,1.59,-19.7,-19.29,-0.51,54377
UVIX,-3.91,0.5,11.74,-8.07,-38.3,-80.82,28.09,51.06,2,-29.07,-27.74,-1.85,70128743,-3.74,0.41,57.11,28.52,-13.47,-72.96,80.6,74.83,2,30.75,32.35,-1.21,88391146,-3.63,0.33,22.5,-1.74,-34.09,-79.32,38.13,61.3,2,20.76,22.55,-1.46,65564847
UVXY,-4.49,2.12,10,-3.37,-16.94,-65.96,22.25,52.04,22.42,-22.07,-20.97,-1.39,24395822,-4.44,1.77,41.03,23.33,6.32,-56.32,56.87,75.35,28.77,13.99,23.48,-7.69,35970535,-4.4,1.46,25.48,8.26,-6.85,-61.68,37.62,67.93,25.24,24.27,26.01,-1.38,32249020
ABP,-0.24,0.76,3.31,-68.04,-78.74,-84.08,117.89,34.06,2.07,38.93,46.81,-5.37,17768255,-0.18,0.62,-27.64,-77.65,-84.76,-88.54,36.7,22.82,1.49,35.45,0,35.45,16911882,-0.39,0.57,-48.96,-83.97,-88.8,-91.54,-7.56,13.63,1.1,-10.57,-9.09,-1.63,20772
AEMD,1.85,0.1,41.57,45.33,-14.8,-75.32,144.21,62.1,0.58,33.83,-1.69,36.13,71516289,1.72,0.08,8.36,9.67,-36.86,-81.56,82.48,52.48,0.43,-34.39,4.76,-37.38,9445338,1.88,0.06,66.06,67.51,-4.65,-71.89,178.15,82.69,0.66,80.64,77.34,1.86,44060568
AIEV,0.47,0.07,12.26,0.02,-92.05,-97.19,52.81,53.78,0.34,13.71,14.83,-0.97,932238,0.51,0.07,-0.44,-12.99,-93.09,-97.53,34.38,48.23,0.3,10.09,6.79,3.09,572591,0.35,0.07,-9.58,-21.7,-93.8,-97.76,22.07,44.06,0.27,15.33,18.91,-3.01,694081
CVKD,1.29,1.8,21.64,9.48,68.2,-50.32,199.44,61.78,16.17,11.59,1.76,9.66,202001,1.45,1.67,9.89,-1.24,51.24,-55.48,168.33,55.25,14.49,11.81,5.69,5.79,155508,1.41,1.57,-1.71,-11.36,35.62,-60.18,140,47.69,12.96,13.19,12.01,1.05,121779
DNMR,1.6,0.98,-33.82,-67.9,-86.4,-95.86,24.49,28.37,3.05,20.08,17.76,1.97,560633,1.58,0.97,-46.06,-74.01,-88.83,-96.55,-10.25,22.7,2.54,-11.81,-15.33,4.17,200245,1.46,1,-40.83,-71.39,-87.5,-96.09,-21.1,23.87,2.88,-23.4,-24.41,1.33,204063
QMCO,3.29,9.33,114.42,314.32,432.02,-28.35,1972.07,66.27,46,27.67,39.39,-8.41,7479973,2.97,8.81,86.16,251.58,325.52,-43.88,1522.97,61.77,36.03,-39.97,-24.94,-20.03,7023922,3.55,7.29,239.02,525.62,619.96,81.88,2603.6,88,60.02,153.04,170.97,-6.62,22332945
RCAT,0.53,1.47,20.02,85.7,292.85,-14.48,1811.11,62.9,10.75,18.33,22.58,-3.47,22953781,0.54,1.39,3.42,61.14,238.15,-27.72,1515.11,57.01,9.09,11.47,13.85,-2.09,8682606,0.47,1.38,-5.77,47.55,208.11,-35.16,1348.89,53.13,8.15,-15.72,-17.93,2.69,14077978
RDZN,0.29,0.42,60.65,114.07,-5.35,-65.69,246.48,66.67,2.46,20,21.78,-1.46,4263362,0.51,0.39,41.35,83.42,-21.73,-71.41,188.73,61.62,2.05,34.87,31.41,2.63,3357110,0.69,0.35,9.61,38.86,-42.45,-78.8,114.08,53.08,1.52,11.76,4.83,6.62,1547023
SABS,0.45,0.55,32.55,41.2,38.88,-39.61,115.28,63.47,4.65,19.23,16.54,2.31,115395,0.52,0.52,13.74,19.98,16.36,-50,80.56,55.71,3.9,16.77,13.04,3.29,209909,0.56,0.48,-1.39,3.51,-0.55,-58,54.63,48.05,3.34,-17.12,-16.92,-0.25,117468
BHIL,1.98,0.39,-14.5,-52.53,-61.98,-78.5,27.8,31.4,2.37,-11.9,-20.47,10.78,37872,2.02,0.37,-5.56,-47.08,-57,-75.6,45.05,35.35,2.69,12.55,14.47,-1.67,58676,2.05,0.35,-18.09,-53.74,-61.91,-78.32,28.88,27.4,2.39,19.5,17.16,2,107105
BPTH,0.09,0.28,39.99,23.76,-41.45,-90.75,87.1,59.49,1.11,-11.9,-9.02,-3.17,1549792,-0.02,0.29,61.86,40.42,-34.36,-89.5,112.38,66.52,1.26,-15.44,-9.35,-6.71,3725952,0.23,0.28,97.25,66.5,-23.37,-87.58,151.15,79.99,1.49,122.72,-54.01,384.3,113230502
CTM,-1.29,0.07,43.55,96.27,103.41,-28.46,252.71,61.06,0.43,-28.46,-0.26,-28.27,11517460,-1.18,0.06,110.15,180.97,184.89,30.33,393.01,82.35,0.6,46.26,29.48,12.95,8802020,-1.05,0.05,55.67,100.11,95.94,-6.84,237.09,72.43,0.41,36.63,24.21,10,6092888
GORO,1.5,0.03,20.51,5.12,-41.63,-69.24,76.13,57.61,0.22,-11.94,-7.54,-4.76,1118424,1.5,0.03,39.18,17.73,-33.8,-65.07,100,67.33,0.25,12.37,18.1,-4.85,6773203,1.58,0.03,27.42,3.73,-41.12,-68.92,77.98,61.81,0.22,30.59,30.59,0,6981059
AVGR,1.23,0.13,-11.01,-18.77,-64.64,-88.21,64.72,45.98,0.64,33.11,31.42,1.28,1377672,1.18,0.12,-34,-39.31,-73.63,-91.14,23.74,35.28,0.48,-32.61,-23.3,-12.14,539533,1.24,0.11,-4.08,-10.82,-61.17,-86.86,83.62,48.25,0.72,46.05,46.14,-0.06,1522997
BRKH,-0.01,1.34,52.44,60.23,68.25,42.77,75.79,69.77,18.81,42.77,39.33,2.47,2989,-0.23,0.53,10.08,13.7,18.28,9.79,23.13,54.78,13.18,-29.01,5.4,-32.65,769,0.04,0.11,56.23,60.71,66.82,57.63,73.46,97.83,18.56,60.69,62.1,-0.87,1150
IVDA,1.02,0.61,64.79,98.02,-4.03,-63.78,189.76,67.75,3.68,24.75,5.44,18.31,1346751,1.06,0.54,36.79,62.48,-23.33,-70.96,132.28,61.11,2.95,25.53,34.09,-6.38,714467,0.96,0.5,10.66,31.46,-39.22,-76.87,85.04,53.87,2.35,-25.87,-30.47,6.62,665502
NVTS,2.29,0.45,15.41,41.3,10.75,-54.24,120.57,61.26,3.86,21.77,18.77,2.52,13956117,2.31,0.42,-3.13,17.16,-9.17,-62.42,81.14,51.65,3.17,12.81,14.44,-1.42,10222129,2.25,0.41,-12.6,4.45,-19.74,-66.69,60.57,45.04,2.81,-14.85,-15.36,0.61,8554962
RGTI,2.17,1.69,87.75,252,587.33,-14.04,1560.61,69.99,10.96,16.97,-9.5,29.24,228047862,2.17,1.59,74.28,221.9,504.65,-26.51,1319.7,66.18,9.37,25.44,29.06,-2.81,214684166,1.8,1.47,49.94,172.78,393.65,-41.41,1031.82,60.64,7.47,-30.12,-26.11,-5.43,172136739
ADGM,0.03,0.35,-53.5,-60.44,-86.58,-91.61,-7.57,25.04,0.97,-10.96,-6.68,-4.59,361391,0.01,0.37,-49.76,-56.23,-85.03,-90.58,-19.85,26.52,1.09,-33.94,-35.5,2.42,4792622,0.02,0.35,-26.29,-34.65,-77.48,-85.74,1.85,34.2,1.65,-10.33,-11.29,1.09,284094
CYN,-1.3,0.67,-84.26,-86.26,-91.79,-98.11,69.64,24.01,0.6,-14.84,-9.68,-5.71,5616017,-1.22,0.71,-82.84,-84.12,-90.48,-97.78,99.2,24.6,0.7,49.29,4.2,43.27,52324413,-1.19,0.73,-89.22,-89.51,-93.7,-98.51,-70.69,21.77,0.47,-70.88,23.79,-76.47,27315007
LTRY,1.23,0.07,19.25,9.35,-64.32,-88.9,81.43,56.01,0.4,-14.07,-8.58,-6,602491,1.23,0.06,40.04,26.22,-58.87,-93.37,111.13,67.96,0.46,11.75,2.06,9.5,3525446,1.3,0.06,27.65,12.54,-63.53,-94.07,88.92,62.8,0.42,41.98,39.13,2.05,11278734
MTEM,1.15,0.08,-69.79,-75.17,-91.3,-97.4,-16.25,27.43,0.11,-23.43,-23.43,0,4320973,1.16,0.09,-62.15,-68,-88.78,-96.6,3.7,29.23,0.14,-12.5,-12.5,0,2394658,1.07,0.09,-57.85,-65.52,-87.35,-96.12,-45.76,30.15,0.16,-54.29,6.67,-57.14,8462491
PIK,2.91,0.44,5.28,3.78,-17.87,-77.76,53.55,44.72,2.38,-17.93,-24.92,9.31,998212,2.96,0.41,27.04,26.34,-0.42,-72.9,87.1,67.95,2.9,27.75,-15.2,50.66,21141571,2.98,0.24,0.97,-0.37,-22.03,-78.79,46.45,51.88,2.27,11.82,8.61,2.96,423765
ANEB,-1.07,0.23,17.5,2.01,-25.15,-50.91,102.47,49.86,1.62,29.6,47.27,-12,90948,-1.01,0.2,-9.31,-21.7,-42.42,-62.12,56.23,42.23,1.25,26.26,20.19,5.05,549157,-1,0.18,-28.71,-38.47,-54.56,-70,6.25,25,0.99,-10.81,-15.38,5.41,88116
FREY,1,0.28,53.77,72.97,84.16,4.56,227.33,75.79,2.98,16.41,14.62,1.56,5711328,1.02,0.26,34.67,52.05,58.87,-10.18,181.2,70.01,2.56,18.52,16.36,1.85,9603058,1.05,0.23,13.95,30.69,34.38,-24.21,137.26,61.73,2.16,19.34,10.2,8.29,6312083
LNZA,1.39,0.15,48.5,15.18,-18.55,-72.1,90.48,68.74,1.6,17.65,17.65,0,2508930,1.45,0.14,29.56,-2.49,-31.02,-76.28,61.9,60.4,1.36,33.33,25.93,5.88,2504789,1.5,0.12,-1.42,-27.63,-48.5,-82.21,21.43,43.72,1.02,16.37,16.95,-0.49,1582289
MOBX,-0.22,0.38,43.82,103.77,30.22,-84.2,257.53,59.52,1.97,55.12,40.71,10.24,3326001,-0.31,0.35,-3.41,34.07,-15.94,-89.82,130.49,50.18,1.27,-32.09,-31.72,-0.53,1729271,-0.38,0.32,45.19,98.76,23.72,-85,239.38,65.5,1.87,-10.31,9.36,-17.99,1172921
DRCT,6.59,0.73,125.04,57.46,-40.01,-91.61,489.96,59.27,3.01,-18.87,-4.14,-15.36,5370761,5.94,0.7,198.58,93.25,-27.49,-89.66,627.17,63.83,3.71,-32.55,-42.39,17.09,23814523,6.99,0.51,385.64,186.28,5.58,-84.67,978.01,86.06,5.5,900,816.67,9.09,60170611
FOXX,-0.21,1.1,-4.25,-23.4,-49.28,-65.91,76.81,44.05,5.11,-12.2,-10.35,-2.06,23426,-0.19,1.12,8.07,-13.83,-42.41,-61.17,101.38,49.71,5.82,14.79,18.05,-2.76,31764,-0.29,1.09,-6.08,-25.59,-49.95,-66.18,75.43,42.83,5.07,-12.89,-12.89,0,22975
TOVX,1.28,0.17,21.91,9.49,-71.14,-90.77,38.6,58.65,1.58,-10.23,12.86,-20.45,870412,1.31,0.16,38.53,22.65,-68.14,-89.72,54.39,61.3,1.76,35.38,15.03,17.69,6856872,1.32,0.11,3.34,-9.2,-76.69,-92.4,14.04,48.61,1.3,14.04,13.04,0.88,8579064
ABAT,1.75,0.31,167.86,201.14,161.77,-43.42,330.14,92.71,3.14,20.77,9.41,10.38,34474562,1.75,0.24,144.23,159.85,117.79,-53.15,256.16,90.74,2.6,46.07,30.65,11.8,40156745,1.84,0.17,81.66,83.92,49.49,-71.06,143.84,83.81,1.78,60.36,11.95,43.24,38544917
AMPG,0.46,0.63,175.76,290.96,280.21,17.7,700,84.6,5.12,26.73,38.01,-8.17,20141952,0.47,0.52,145.03,229.77,203.73,26.25,531.25,80.54,4.04,63.56,34.67,21.46,25001879,0.49,0.41,65.74,112.84,87.38,-22.81,285.94,68.12,2.47,24.75,17.62,6.06,5104798
KITT,-0.02,0.16,64.02,51.44,-53.96,-93.81,116.86,74.87,1.78,56.14,54.78,0.88,7877995,-0.01,0.12,8.91,-2.25,-70.7,-96.04,38.89,54.2,1.14,11.76,6.54,4.9,753150,0.02,0.12,-1.44,-12.88,-74.03,-96.45,24.27,47.4,1.02,12.09,7.37,4.4,1309159
SES,2.17,0.16,199.18,210.21,41.65,-29.7,610,89.72,1.42,100,42,40.85,192540571,2.15,0.08,68.33,60.64,-29.26,-64.85,255,77.27,0.71,36.33,14.52,19.05,48664529,2.19,0.06,29.67,18.49,-48.31,-76.65,160.4,63.77,0.52,26.04,26.68,-0.51,19515638
ZBAI,-0.42,0.13,20.95,15.95,1.6,-41.16,51.34,58.13,0.88,10.2,13.14,-2.6,89947,-0.46,0.13,11.39,5.13,-7.86,-46.61,37.33,57.07,0.8,-13.96,-13.96,0,103977,-0.45,0.12,31.06,21.71,7.02,-37.94,59.62,63.7,0.93,12.16,12.16,0,199645
ASST,6.93,0.11,-2.6,-31.29,-70.21,-89.29,39.04,44.49,0.47,-10.23,-6.84,-3.64,821086,7.06,0.11,8.07,-24.9,-67.05,-88.07,54.9,47.99,0.52,16.42,15.06,1.19,1377453,7.03,0.11,-7.42,-36.35,-71.9,-89.75,33.04,40.84,0.45,13.24,8.95,3.94,726239
HOUR,1.15,0.59,58.48,76.94,122.35,-59.13,239.76,60.79,2.82,-21.23,-25.2,5.31,972009,1.11,0.57,108.76,128.52,183.95,-48.12,331.33,72.56,3.58,-18.64,-5.79,-13.64,5697264,1.3,0.5,181.27,192.44,253.5,100.17,430.12,86.54,4.4,207.69,120,39.86,97507851
NKGN,0.66,0.11,31.31,70.87,-25.68,-82.43,252.07,63.32,0.71,-18.4,-20.74,2.96,1025910,0.68,0.09,66.13,113.87,-9.52,-78.47,331.44,80.86,0.87,11.12,9.26,1.7,1030074,0.64,0.08,56.01,98.54,-18.94,-80.63,288.25,78.41,0.79,22.37,17.4,4.23,603994
AMBO,0.7,0.45,91.96,105.63,127.44,-44.93,247,80.5,3.47,54.91,8.78,42.41,6698835,0.71,0.23,29.28,35.41,47.7,-64.45,124,66.54,2.24,28,34.13,-4.57,167228,0.73,0.2,2.51,6.17,15.65,-72.23,75,52.87,1.75,19.05,19.05,0,237741
ATOM,1.51,1.04,75.17,132.03,214.54,11.49,517.75,89.1,14.27,13.43,5.7,7.31,1969878,1.54,0.97,62.85,111.89,179.77,19.81,444.59,86.4,12.58,23.09,23.09,0,1753252,1.52,0.81,37.79,77.45,128.8,7.58,342.42,80.94,10.22,10.37,10.73,-0.32,698506
FTCI,1.53,0.63,56.6,19.97,22.42,-34.55,201.48,69.41,5.3,26.19,25.89,0.24,693364,1.55,0.5,27.93,-4.95,-2.93,-48.14,138.91,58.94,4.2,17.65,17.65,0,274600,1.56,0.48,9.72,-19.55,-17.53,-55.92,103.07,49.96,3.57,13.69,12.26,1.27,119426
IDAI,0.32,0.12,47.57,115.58,45.14,-71.6,376.19,67.23,0.71,31.48,-12.44,50.17,46629669,0.33,0.11,10.74,69.23,10.08,-78.4,262.17,59.62,0.54,21.16,10.2,9.94,8378779,0.39,0.1,-6.69,42.99,-9.62,-82.17,198.93,52.63,0.45,20.13,9.37,9.84,3742597
OMEX,0.14,0.09,46.02,35.74,-78.57,-88.74,107.13,63.66,0.63,30.61,1.1,29.2,7052369,0.15,0.08,15.14,4.1,-83.69,-91.38,58.58,53.88,0.48,18.73,17.2,1.31,15105029,0.17,0.07,-1.81,-12.72,-86.35,-92.74,33.56,47.56,0.4,16.16,8.21,7.35,1470088
PDYN,4.25,1.53,144.14,242.43,434.73,32.84,2514.39,80.86,11.77,61.45,37.82,17.15,72152431,4.29,1.13,62.04,124.51,239.11,-8.07,1519.28,70.22,7.29,47.57,7.36,37.45,71143068,4.34,0.91,9.94,56.98,132.96,-37.7,997.29,59,4.94,37.6,32.8,3.62,10234202
ABP,-0.6,0.98,6.29,-62.34,-77.69,-83.62,124.21,42.52,2.13,-52.56,-47.79,-9.13,2149867,-0.45,0.86,120.91,-23.04,-53.17,-65.46,372.63,63,4.49,49.17,32.45,12.62,2031811,-0.42,0.76,54.99,-49.56,-68.7,-76.85,216.84,48.58,3.01,24.38,23.36,0.83,517674
COEP,-0.89,0.04,-14.5,-20.31,-38.07,-81.13,18.23,44,0.16,-14.93,-3.12,-12.18,5413725,-0.91,0.04,-0.73,-6.75,-27.52,-77.92,38.98,49.91,0.18,-13.65,17.47,-26.49,15766451,-0.87,0.04,14.53,7.81,-16.41,-75.75,60.95,57.49,0.21,48.59,-29.67,111.27,204573178
LIDR,2.74,0.21,39.34,48.1,13.11,-67.18,116.67,62.58,1.69,-17.16,-0.59,-16.67,10163391,2.91,0.19,72.18,80.45,36.77,-60.39,161.54,76.15,2.04,59.38,13.97,39.84,21910018,2.93,0.15,12.64,14.99,-13.91,-75.15,64.1,57.61,1.28,13.27,11.3,1.77,1243804
AILE,0.33,0.2,-24.3,-43.94,-86.34,-96.46,370.39,42.25,0.71,19.18,15.9,2.83,38237706,0.3,0.2,-38.7,-53.59,-88.65,-97.03,294.68,38.16,0.59,267.31,79.7,104.4,562475042,0.29,0.17,-83.97,-87.55,-96.94,-99.19,7.45,17.51,0.16,-21.6,-26.59,6.8,9249745
ARTW,0.35,0.26,107.77,114.23,105.23,41.18,170.68,92.32,3.6,47.54,7.78,36.89,4361492,0.4,0.15,49.01,48.7,39.77,3,83.46,84.34,2.44,22.61,15.64,6.03,864102,0.42,0.12,24.5,22.52,14.17,-16,49.62,74.97,1.99,32.76,31.79,0.73,964813
ERNA,4.33,0.06,-6.4,-56.98,-81.69,-89.37,26.13,32.63,0.28,10.28,-0.29,10.59,1400525,4.3,0.06,-17.16,-61.92,-83.5,-90.36,14.38,27.67,0.25,-10.63,-12.76,2.44,325647,4.3,0.06,-10.05,-58.46,-81.67,-89.22,27.98,30.05,0.28,13.69,13.69,0,604599
FEAM,1.74,0.11,106.7,106.02,8.74,-59.68,162.81,85.79,5,51.52,47.04,3.05,1876497,1.87,0.08,44.61,38.11,-28.34,-73.39,73.46,73.6,5,34.69,34.69,0,714274,1.88,0.07,9.76,2.66,-47.01,-80.24,28.78,56.11,5,12.62,-0.61,13.31,427601
INTZ,0.02,0.55,582.21,654.06,318.26,5.26,1509.07,96.4,5.68,162.96,27.93,105.56,132376973,0.43,0.19,274.62,230.81,60.09,-59.97,511.9,89.78,2.16,380,5.37,355.56,187715336,0.43,0.06,-9.47,-27.83,-66.88,-91.66,27.48,39.57,0.45,21.62,18.42,2.7,3517284
INUV,1.11,0.05,50.72,94,94.46,0.16,200.47,79.62,0.57,16.51,11.92,4.1,5138041,1.17,0.05,34.18,70.28,67.28,-14.03,157.89,73.95,0.49,12.64,8.89,3.45,2855549,1.18,0.05,22.99,53.7,48.59,-23.68,128.95,68.39,0.44,10.46,9.88,0.53,1214761
LODE,1.82,0.09,99.62,113.84,187.34,7.35,601.67,81.67,0.88,27.22,2.4,24.24,52213831,1.9,0.07,66.61,71.4,127.65,-3.74,451.55,75.34,0.69,23.06,1.05,21.78,47750429,1.93,0.06,41.09,40.91,85.9,-21.78,348.21,68.37,0.56,33.33,24.39,7.18,16764954
MDAI,0.55,0.31,43.39,81.61,82.36,-18.02,270.19,77.26,3.05,10.91,0,10.91,5082151,0.62,0.29,32.82,67.32,64.74,-26.09,233.78,73.39,2.75,13.17,6.18,6.58,4967218,0.64,0.27,21.14,50.52,45.85,-34.69,194.94,68.01,2.43,19.7,18.54,0.99,2309245
MRNS,1.16,0.05,80.58,22.88,-72.4,-95.33,138.92,70.76,0.53,41.65,1.17,40.01,26877933,1.19,0.04,32.05,-17.91,-80.93,-96.7,68.66,55.61,0.37,15.06,19.81,-3.97,2617106,1.2,0.04,15.73,-32.89,-83.81,-97.13,46.59,47.7,0.32,25.51,24.15,1.09,2690348
REKR,1.81,0.16,99.71,84.82,28.24,-52.55,137.76,85.74,1.86,43.08,-3.12,47.69,73038357,1.85,0.1,46.58,31.08,-10.44,-66.84,66.18,74.8,1.3,27.45,4,22.55,16813894,1.86,0.08,17.25,3.14,-29.93,-73.98,30.38,60.86,1.02,14.61,12.09,2.25,5927162
STEM,1.52,0.08,91.34,81.08,-20.99,-81.83,147.08,80.84,0.75,25.87,-5.27,32.86,66347037,1.64,0.06,59.27,45.09,-37.57,-85.74,96.3,74.06,0.59,44.18,31.69,9.48,44829183,1.66,0.05,13.03,0.52,-56.99,-90.36,36.15,57.5,0.41,27.32,24.97,1.88,11490706
UAVS,4.27,1.12,-21.91,4.76,-80.02,-96.43,172.73,46.56,4.2,20,10.53,8.57,4064136,4.24,1.15,-37.54,-11.84,-83.56,-97.02,127.27,42.04,3.5,-10.26,-15.66,6.41,2987930,4.24,1.17,-31.99,-1.27,-81.92,-96.68,153.25,44.02,3.9,18.54,14.04,3.95,3509035
APCX,0.08,0.15,-2.49,-10.19,-36.71,-77.39,67.77,46.49,0.52,-18.75,-23.51,6.23,876280,0.07,0.15,21.14,9.66,-22.61,-72.17,106.48,54.27,0.64,-11.72,-7.25,-4.83,813165,0.08,0.15,39.34,23.85,-12.84,-68.47,133.9,60.99,0.73,-14.79,-12.64,-2.47,1696262
BKYI,-0.18,0.26,50.05,63.67,21.56,-50.15,229.67,62.69,1.71,-28.15,-24.67,-4.62,1120098,0.07,0.21,114.39,132.32,69.04,-42.23,358.84,87.96,2.38,68.79,46.01,15.6,5363981,0.14,0.12,36.08,42.37,0.31,-65.78,171.83,73.72,1.41,29.36,10.16,17.43,4110448
BURU,-0.44,0.13,50.37,41.52,-74.9,-95.73,315.88,59.74,0.67,-16.43,-17.85,1.73,3735707,-0.27,0.13,84,69.45,-70.26,-94.9,397.62,68.5,0.8,39.44,27.8,9.11,16859886,-0.21,0.1,37.16,22.11,-78.86,-96.34,256.87,58.86,0.57,28.89,26.95,1.53,9862262
FFIE,4.76,0.42,76.92,55.79,-71.86,-98.44,144.61,64.68,2.43,-22.61,-41.59,32.48,158361960,5.2,0.28,139.97,101.8,-63.66,-97.99,216.09,82.99,3.14,78.41,36.52,30.68,153056972,5.31,0.18,45.88,14.45,-79.65,-98.87,77.17,65.22,1.76,33.33,24.82,6.82,29139491
STI,-0.14,0.13,50.44,61.51,-32.24,-93.51,158.04,66.45,0.7,-13.99,-22.55,11.05,13178871,0.07,0.11,80.3,90.72,-21.62,-92.96,200,78.97,0.81,15.52,-12.67,32.27,42350287,0.3,0.09,63.39,68.69,-32.31,-93.9,159.7,74.72,0.7,68.76,28.19,31.65,72960487
VRPX,0.89,0.07,6.74,-27.47,-70.42,-93.07,32.83,46.06,0.38,-16.27,2.12,-18.01,1726831,0.91,0.07,26.23,-14.36,-65.18,-91.72,58.64,55.16,0.45,10.66,2.65,7.8,5501045,0.92,0.07,13.95,-23.1,-68.94,-92.52,43.36,49.69,0.41,20.59,23.87,-2.65,3151569
KORE,2.09,0.43,100.62,77.54,22.2,-50.07,192.73,84.53,3.22,18.38,11.42,6.25,1433036,2.22,0.38,78.77,51.85,3.1,-57.83,147.27,79.99,2.72,11.48,-22.29,43.44,6979921,2.32,0.22,66.5,37.23,-7.65,-62.17,121.82,76.38,2.44,28.42,22.61,4.74,426801
CTM,-2.94,0.33,144.37,350.43,606.96,-37.46,1355.59,68.07,1.77,-11.5,-11.5,0,8433373,-3.3,0.33,208.94,454.18,723.32,-29.33,1544.74,73.88,2,-22.48,-7.83,-15.89,17190211,-1.76,0.28,360.61,695.69,1001.39,50.88,2021.71,92.35,2.58,81.69,17.81,54.23,58836601
EYEN,1.32,0.03,25.8,-50.42,-80.87,-95.33,55.84,45.53,0.12,-17.81,-17.24,-0.68,57095282,1.4,0.03,55.34,-41.77,-76.98,-94.32,89.61,52.84,0.15,28.86,-34.53,96.82,407956657,1.44,0.02,24.12,-56.3,-82.34,-95.59,47.14,41.96,0.11,20.28,20.53,-0.21,57217114
GCTK,-0.28,0.07,16.45,-55.24,-82.77,-93.58,57.9,41.63,0.32,-14.83,-18.31,4.26,2410671,-0.22,0.07,38.61,-50.05,-79.84,-92.46,85.39,46.61,0.37,19.47,16.2,2.82,3719334,-0.17,0.07,18.92,-60.12,-83.18,-93.69,55.17,39.18,0.31,19.16,20.08,-0.76,2715173
KULR,1.3,0.58,31.32,150.05,433.7,-44.63,2940,59.06,3.04,-14.37,-21.24,8.73,49298089,1.25,0.55,59.01,205.81,539.45,-35.34,3450,66.5,3.55,-14.25,-11.69,-2.9,48363074,1.36,0.52,94.78,277.77,669.26,-24.59,4040,76.91,4.14,-11.16,-8,-3.43,37299731
NEHC,0.16,1.21,-3.61,-44.63,-52.4,-60.21,121.27,42.18,4.89,-18.5,-24.65,8.17,1242827,0.17,1.09,11.4,-33.02,-41.76,-51.18,171.49,48.79,6,22.45,8.5,12.86,1874482,0.12,0.94,-13.4,-45.92,-52.54,-60.13,121.72,40.15,4.9,28.61,23.74,3.94,536065
NXU,-2.49,0.26,148.33,145.83,137.26,-58.22,349.98,65.28,0.94,-11.32,-2.08,-9.43,6869606,-3.8,0.26,207.83,187.11,168.09,-52.68,407.42,70.05,1.06,-29.33,-44.5,27.33,72579490,0.81,0.16,391.69,324.52,280.79,-52.08,618.05,93.21,1.5,516.27,66.67,269.76,566045397
RGF,0.24,0.05,24.84,13.47,-22.97,-80.77,57.78,58.55,0.31,-18.07,-21.43,4.28,1594069,0.34,0.04,54.45,38.06,-6.13,-76.54,92.57,77.2,0.38,19.54,27.15,-5.98,1953933,0.43,0.03,32.79,15.57,-21.53,-80.37,61.09,68.87,0.32,24.62,35.52,-8.04,1409628
RLMD,0.51,0.14,7.45,-78.57,-85.71,-93.77,31.76,25.7,0.45,-13.44,-13.24,-0.23,1837113,0.5,0.15,-2.78,-75.97,-83.62,-92.8,52.22,27.2,0.52,13.29,8.31,4.6,2449848,0.45,0.15,-31.84,-79.38,-85.65,-93.64,34.37,23.59,0.46,19.84,17.69,1.83,3305648
RR,-9.82,0.5,57.81,143.54,112.47,-80.39,697.49,63.44,2.41,-10.74,-14.84,4.81,17775582,-13.31,0.49,87.46,182.49,139.17,-78.03,793.45,69.47,2.7,-22.64,-12.05,-12.03,24814959,-7.99,0.45,160.58,280.88,211.06,-71.6,1054.86,91.47,3.49,20.34,23.32,-2.41,35206117
VINC,1.19,0.05,10.1,-14.93,-75.08,-97.49,34.15,48.89,0.24,-10.46,1.64,-11.91,7075586,1.13,0.05,22.26,-5.96,-72.84,-97.2,49.83,53.5,0.26,-19.14,-19.14,0,16047480,1.23,0.05,50.28,15.33,-67.31,-96.53,85.29,66.74,0.32,67.53,4.54,60.26,334506576
XPON,-0.05,0.48,-5.01,-27.57,-97.58,-99.63,13.64,42.38,2,-16.32,-45.5,53.56,28841304,-0.12,0.33,13.27,-14.46,-97.16,-99.56,35.8,49.76,2.39,-14.64,-17.59,3.57,488077,0,0.31,32.89,-0.08,-96.73,-99.51,59.09,59.96,2.8,27.85,32.7,-3.65,1754306
AEI,1.29,0.28,28.78,11.32,28.17,-32.68,201.57,59.66,1.38,35.29,-33.65,103.92,46745480,1.22,0.18,-4.01,-18.26,-5,-50.24,122.9,47.2,1.02,-19,-6.42,-13.44,1171177,1.3,0.17,17.62,0.11,17.44,-38.58,175.17,58.31,1.26,49.89,46.62,2.23,1212577
LNZA,1.35,0.26,31.66,16.66,-17.28,-68.13,90.48,57.07,1.6,16.79,5.26,10.95,2060110,1.3,0.26,15.15,-0.44,-29.39,-72.71,63.1,51.7,1.37,-14.38,-14.91,0.62,2204925,1.3,0.25,35.51,15.42,-17.84,-71.66,90.48,58.49,1.6,-13.98,-17.1,3.76,3720659
MVST,2.15,0.37,48.67,159.22,356.49,-15.73,1490.76,66.48,2.41,16.43,7.11,8.7,16295759,2.02,0.36,31.76,133.7,299.15,-27.62,1266.34,61.91,2.07,-24.73,-19.77,-6.18,23007819,2.24,0.33,80.86,224.08,438.15,-2.48,1715.18,82.85,2.75,12.24,11.79,0.41,22818876
PET,0.84,0.04,25.64,-24.13,-75.68,-88.46,101.56,53.14,0.28,19.6,9.62,9.11,878703,0.8,0.04,6.46,-38.32,-79.82,-90.35,68.53,44.18,0.24,-11.08,-5.44,-5.97,1322517,0.88,0.04,20.66,-32.67,-77.47,-89.15,89.53,49.81,0.27,19.01,14.53,3.91,4319929
INKT,0.03,0.1,41.33,29.3,6.02,-53.32,91.49,65.52,0.89,-12.18,-14.71,2.97,332757,0.09,0.09,63.36,47.95,20.74,-46.84,118.05,77.93,1.01,44.93,44.29,0.44,1829453,0.12,0.06,15.43,3.05,-16.62,-63.32,50.45,60.03,0.7,10.62,2.49,7.94,254435
NRXP,1.05,0.37,72.08,93.47,11.93,-63.32,144.55,75.33,2.69,-10.03,-14.06,4.68,5008620,1.08,0.31,100.7,119.76,23.87,-59.23,171.82,86.96,2.99,35.91,36.53,-0.45,10410933,1.2,0.23,56.78,65.96,-9.27,-70,100,79.05,2.2,43.79,41.94,1.31,12598519
VRME,0.51,0.27,72.4,46.07,3.88,-45.56,133.4,64.62,1.35,-22.86,-23.3,0.57,3627020,0.47,0.25,134.69,89.38,34.7,-29.43,202.56,84.6,1.75,28.68,-12.5,47.06,32097493,0.63,0.2,97.67,48.52,4.88,-44.49,135.13,78.61,1.36,72.17,-22.29,121.55,93927277
ATOM,1.4,1.37,72.53,138.02,253.12,13.75,616.45,78.31,16.55,27.9,22.59,4.33,2164388,1.38,1.17,42.49,93.39,179.26,-11.07,460.17,70.31,12.94,11.55,10.69,0.78,827683,1.36,1.13,32.65,78.4,152.26,-20.27,402.16,66,11.6,-10.15,-9.45,-0.77,1181848
CLRO,0.73,0.11,101.49,125.22,83.44,-22.94,187.91,90.82,1.31,31.39,24.76,5.32,4774730,0.74,0.09,63.18,75.73,39.73,-41.35,119.12,85.49,1,27.43,29.48,-1.58,2325433,0.82,0.07,33.49,39.86,9.46,-53.98,71.96,76.98,0.78,24.39,24.39,0,7271224
CMBM,1.03,0.12,4.77,-18.14,-61.44,-85.75,35.62,47.9,0.87,10.71,7.16,3.32,243764,1.06,0.13,-7.17,-26.66,-65.44,-87.31,22.5,42.57,0.78,21.59,18.52,2.59,1399487,1.03,0.11,-25.49,-40.43,-71.79,-89.57,-1.86,31.82,0.64,-19.37,-19.4,0.04,1431501
SGMO,1.28,0.34,-38.53,-38.26,26.6,-59.11,327.63,36.95,1.3,15.04,15.04,0,13216370,1.3,0.35,-47.36,-46.29,10.33,-64.45,271.71,33.21,1.13,10.78,10.78,0,13595299,1.17,0.37,-53.59,-51.41,-0.28,-67.91,235.53,30.73,1.02,-56.41,-4.67,-54.27,44345564
VEEE,1.06,0.08,21.51,11.66,-16.16,-68.07,59.03,57.33,0.49,16.82,20.45,-3.01,7004313,1.04,0.07,4.96,-3.87,-28.64,-72.67,36.13,51.07,0.42,-23.27,-20.36,-3.65,822218,1.2,0.06,37.43,25.03,-7.57,-64.38,77.42,67.71,0.55,53.59,48.65,3.32,5580280
BNGO,2.21,0.04,17.76,9.97,-51.92,-85.28,44.18,56.17,0.28,-11.68,-13.33,1.89,31369738,2.22,0.04,34.59,24.37,-45.92,-83.96,63.25,65.25,0.32,24.05,2.16,21.43,85226148,2.22,0.04,10.32,0.33,-56.67,-88.18,31.6,53.73,0.26,-11.48,-14.87,3.99,12837433
CTCX,0.31,0.13,61.56,64.32,-58.25,-87.7,146,61.03,0.49,-20.23,-13.04,-8.27,2199194,0.11,0.13,108.22,107.64,-48.1,-84.58,208.38,73.16,0.62,-10.85,4.75,-14.9,10138569,0.29,0.12,144.58,135.52,-42.23,-82.7,245.91,82.3,0.69,147.98,-26.78,238.66,313350153
KLTO,-0.2,0.1,11.19,23.48,-82.25,-95.9,106.58,55.13,0.54,-10.48,-10.11,-0.42,674887,-0.3,0.1,25.29,37.73,-80.49,-95.42,130.77,61.81,0.6,-14.22,-7.69,-7.08,13362073,-0.2,0.09,47.78,59.83,-77.58,-94.66,169.04,75.21,0.7,44.23,42.76,1.03,11439071
ARKR,0.94,1.15,28.88,41.85,25.79,-0.25,66.26,71.66,16.21,10.03,7.21,2.63,26475,0.93,1.1,18.99,29.94,14.42,-9.34,51.11,66.81,14.73,15.46,17.86,-2.04,24989,0.94,0.98,4.05,13.15,-0.88,-21.48,30.87,57.88,12.76,16,16,0,7863
CUTR,1.3,0.08,65.15,46.16,-47.49,-87.53,120.81,76.48,0.62,28.06,12.69,13.64,19497921,1.29,0.05,32.94,13.94,-59.25,-90.26,72.43,66.05,0.48,24.1,18.05,5.13,2262911,1.32,0.04,7.92,-9.11,-67.37,-92.15,38.94,52.5,0.39,10.51,8.39,1.96,368692
LFWD,2.08,0.31,65.43,51.68,-14.46,-66.59,115.6,75.37,3.04,14.29,-11.63,29.32,4094367,2.05,0.23,49.47,33.57,-25.34,-70.77,88.65,70.34,2.66,19.39,17.7,1.44,334223,2.09,0.21,27.96,12.15,-37.62,-75.52,58.01,62.2,2.23,28.79,28.05,0.58,214554
NEUP,0.26,1.02,4.61,7.53,-49.23,-78.83,79.38,51.16,3.81,12.06,15.45,-2.94,87865,0.27,1.05,-6.14,-3.89,-54.96,-81.11,60.08,48.2,3.4,16.04,11.48,4.1,94383,0.26,1.09,-19.06,-17.29,-61.42,-83.72,37.95,44.63,2.93,-14.58,-19.73,6.41,110271
NMRA,3.21,1.23,-73.68,-76.16,-77.96,-88.19,35.52,19.4,2.48,14.29,10.22,3.69,12602867,3.68,1.29,-77.81,-79.57,-80.81,-89.67,18.58,17.19,2.17,10.15,-3.56,14.21,22640711,2.74,1.35,-80.61,-81.85,-82.67,-90.62,-76.35,15.81,1.97,-81.42,4.23,-82.17,44417323
NUKK,-6.51,8.42,17.99,160.32,369.14,-64.06,2065.38,55.34,28.15,25.11,14.8,8.98,1244587,-6.45,8.26,-0.11,118.56,281.77,-71.27,1630.77,50.66,22.5,-21.38,-22.25,1.12,714754,-6.52,8.37,33.22,189.29,392.26,-63.46,2101.54,56.63,28.62,-21.95,-22.77,1.06,638322
POAI,1.18,0.25,117.04,136.74,67.25,-49.73,243.64,84.29,1.89,57.5,10.53,42.5,54485630,1.17,0.13,47.4,55,5.87,-68.09,118.18,71.78,1.2,30.43,26.32,3.26,3877412,1.18,0.09,16.28,20.54,-19.34,-75.53,67.27,59.66,0.92,12.2,9.96,2.04,122371
RIME,0.3,0.03,57.28,-27.95,-78.89,-92.65,99.72,53.19,0.14,29.87,32.24,-1.79,96404964,0.29,0.03,24.76,-46.05,-83.86,-94.34,53.79,42.86,0.11,14.95,21.99,-5.77,84984892,0.31,0.03,5.04,-54.45,-86.07,-95.08,33.79,37.25,0.1,10.23,7.78,2.27,22417343
UBX,0.79,0.13,60.87,50.08,25.83,-11.88,89.42,80.91,1.78,39.06,31.85,5.47,1571390,0.78,0.08,18.85,8.68,-9.44,-36.63,36.21,64.78,1.28,12.28,9.4,2.63,388555,0.8,0.07,6.64,-3.41,-19.41,-43.56,21.32,54.87,1.14,16.76,12.87,3.44,292301
ALUR,-0.62,1.87,-13.86,-33.62,-70.38,-92.08,20.31,39.61,7.82,-11.84,-14.07,2.59,18804,-0.62,1.9,-3.11,-25.99,-66.67,-91.02,36.46,44,8.87,11.57,6.61,4.65,72966,-0.62,1.93,-13.26,-34.64,-70.37,-91.95,22.31,38.44,7.95,-23.78,-25.21,1.92,191538
BLIN,1.87,0.28,31.81,55.25,77.12,-26.91,168,63.44,2.01,-14.47,-14.47,0,1163017,1.86,0.23,57.51,84.1,107.94,20.51,213.33,76.42,2.35,31.28,25,5.03,1994423,1.86,0.17,25,43.03,59.31,-8.21,138.67,65.68,1.79,11.87,9.82,1.87,164582
BOXL,1.45,0.19,130.51,141.15,108.13,-46.48,276.11,66.54,1.14,-32.14,-10.94,-23.81,6426229,1.36,0.16,267.1,265.59,207.8,54.13,454.27,92.13,1.68,265.22,251.91,3.78,239280446,1.35,0.05,16.59,5.64,-15,-57.8,51.77,59.29,0.46,15,12.25,2.45,185111
CONL,6.34,6.78,-16.75,-19.83,-11.72,-55.02,136.32,43.22,39.3,-16.31,-15.3,-1.19,7515198,6.33,6.6,-3.74,-3.93,5.06,-46.25,182.38,49.8,46.96,12.59,5.62,6.59,6747627,6.32,6.58,-15.81,-14.06,-6.95,-52.26,150.81,44.42,41.71,10.29,8.08,2.04,3946512
HCTI,0.12,0.23,31.56,21.26,45.65,-70.99,324.14,57.31,1.23,-27.65,-15.75,-14.12,264607,0.06,0.21,82.32,69.9,100.46,-59.91,486.21,75.89,1.7,41.67,42.86,-0.83,1450904,0.06,0.18,36.05,22.82,41.27,-71.7,313.79,64.54,1.2,34.83,26.72,6.4,10127947
KITT,0.03,0.6,145.56,201.03,13.81,-82.43,409.26,73.88,4.18,-13.99,-3.91,-10.49,8113565,-0.11,0.57,213.81,264.98,31.56,-79.57,492.11,85.11,4.86,27.89,-19.13,58.16,49918633,-0.16,0.44,179.57,201.16,2.36,-84.02,362.96,80.91,3.8,138.99,134.57,1.89,100823753
ONCO,3.2,0.24,20.01,-51.46,-86.95,-97.18,91.47,42.16,0.6,-13.86,4.84,-17.84,3000122,3.19,0.24,38.94,-46.58,-84.94,-96.72,122.28,46.03,0.7,-13.39,-6.49,-7.37,3385737,3.16,0.24,61.56,-42.16,-82.73,-96.22,156.64,50.88,0.81,24.36,-7.77,34.83,29775648
RVYL,4.33,0.19,7.86,3.62,-2.99,-68.04,74.55,53.16,1.55,-10.4,-13.89,4.05,232992,4.32,0.18,20.77,15.01,7.51,-64.33,94.82,60.29,1.73,16.89,11.61,4.73,173656,4.32,0.17,4.04,-1.88,-8.58,-69.48,66.67,51.98,1.48,12.12,12.12,0,149371
SBEV,1.1,0.03,17.35,7.51,-26.37,-72.19,44.9,53.64,0.2,-24.81,-0.44,-24.48,5153461,1.08,0.03,56.89,42.67,-2.57,-63.01,92.72,75.42,0.27,12.59,-3.57,16.76,60177229,1.08,0.03,42.74,27.16,-13.84,-67.15,71.16,70.39,0.24,35.48,26.28,7.29,15656659
SGMT,2.57,0.65,9.78,6.56,29.78,-73.1,133.05,54.05,5.57,-17.85,-14.57,-3.83,3294662,2.53,0.61,34.24,29.75,58.14,-67.26,183.68,68.27,6.78,36.42,31.65,3.62,7332550,2.52,0.47,0.52,-4.48,16.22,-76,107.95,50,4.97,10.69,10.44,0.22,467124
SYPR,1.07,0.38,28.02,53.9,54.6,-32.26,98.35,61.29,2.52,-17.38,-16.83,-0.66,259316,1.05,0.36,58.81,88.54,87.57,-4.69,140.06,76.08,3.05,15.09,16.41,-1.13,1333807,1.06,0.3,43.51,66.97,63.63,-9.53,108.58,71.22,2.65,58.68,56.8,1.2,3297569
TGL,-0.62,0.08,8.46,-28.07,-88.42,-98.16,54.67,47.11,0.23,-12.29,2.75,-14.63,9247004,-0.74,0.08,23.64,-20.3,-86.94,-97.9,76.33,50.22,0.26,-32.18,-17.34,-17.95,24519971,-0.69,0.08,84.05,14.67,-81.01,-96.9,160,65.81,0.39,105.8,-47.3,290.5,335229275
WATT,2.37,0.33,54.27,70.32,-1.81,-65.59,237.6,53.6,0.95,-23.07,-9.88,-14.63,7850021,2.37,0.33,109.51,124.17,27.05,-55.27,338.82,57.9,1.23,56.67,50,4.45,43659525,2.37,0.3,43.5,46.45,-19.09,-71.45,180.09,52.33,0.79,-19.24,-14.1,-5.98,7494635
AIMD,1.39,0.08,15.75,20.59,-19.06,-81.51,43.27,55.35,0.57,-12.64,-10.45,-2.44,292901,1.43,0.07,34.4,38.11,-7.83,-78.84,64,63.29,0.66,-19.9,-3.53,-16.97,643210,1.41,0.06,71.78,73.28,14.58,-80.91,104.75,85.75,0.82,54.76,41.21,9.6,6315633
BTAI,-0.01,0.07,-2.9,-22.86,-66.85,-90.76,28.46,45.85,0.39,-18.2,-16.65,-1.87,1709342,0.01,0.07,17.36,-6.54,-59.89,-88.7,57.05,54.08,0.47,-17.78,-17.32,-0.56,1797090,0,0.06,43.87,13.09,-51.71,-86.25,91,67.41,0.57,38.45,36.48,1.45,6425647
CERO,0.52,2.38,-37.42,-69,-92.51,-99.71,-7.27,35.23,3.7,-29.25,-18.86,-12.81,985137,0.5,0.02,-16.65,-56.47,-89.63,-99.59,31.08,38.98,0.05,23.64,-9.83,37.12,896105273,0.52,0.02,-35.79,-64.97,-91.78,-99.67,-9.42,34.76,0.04,-27.32,-14.2,-15.29,96453570
CODX,-0.64,0.09,-0.77,-18.44,-33.79,-65.23,15.73,45.37,0.78,-10.22,-11.89,1.89,267884,-0.63,0.09,9.98,-10.01,-26.38,-61.27,28.91,51.7,0.86,-13.63,-13.63,0,459316,-0.64,0.08,27.44,3.38,-14.87,-55.15,49.25,64.62,1,28.21,26.58,1.28,1803426
CTOR,-0.74,0.19,5.51,3.81,-81.9,-97.59,38.82,50.43,1.18,-13.24,-15.71,2.94,198910,-0.67,0.18,21.6,19.62,-79.29,-97.22,60,58.1,1.36,-11.69,-13.38,1.95,292434,-0.69,0.17,37.21,35.82,-76.72,-96.86,81.18,67.67,1.54,18.46,2.67,15.38,517866
INUV,0.95,0.08,5.09,44.2,63.39,-37.78,158.74,53.37,0.49,-14.24,-10.62,-4.05,4598172,0.94,0.08,24.18,70.73,90.96,-27.45,201.68,62.66,0.57,-10.2,-11.82,1.83,4254677,0.94,0.08,41.94,94.04,113.37,-19.21,235.95,71.93,0.64,-10.73,-14.89,4.9,9156756
KNW,1.54,0.03,-10.21,-22.66,-58.19,-82.23,25.06,43.53,0.16,-13.26,-8.78,-4.91,1907647,1.54,0.03,1.52,-11.25,-52.12,-79.51,44.17,49.32,0.19,20.73,18.09,2.23,6459124,1.54,0.03,-16.6,-26.55,-60.57,-83.03,19.42,39.67,0.16,-15.15,-15.79,0.76,3397634
LUNA,1.58,0.28,-47.52,-47.99,-63.63,-88.89,25.71,32.42,0.88,-19.27,-5.38,-14.68,2016796,1.55,0.28,-36.76,-36.28,-55.23,-86.24,36.25,35.55,1.09,22.6,40.65,-12.83,4180763,1.56,0.27,-49.5,-48.44,-63.7,-88.77,-37.83,29.5,0.89,-56.63,-25.91,-41.46,12199988
MTNB,1.54,0.15,11.78,-8.89,-88.54,-96.91,38.91,48,0.66,-30.82,-30.11,-1.02,2185746,1.6,0.1,62.31,22.97,-83.62,-95.54,100.79,67.56,0.96,30.76,27.97,2.18,835618,1.58,0.09,28.41,-11.09,-87.61,-96.59,53.56,54.39,0.73,15.59,8.2,6.83,333665
NVAX,2.12,0.68,8.26,9.26,-10.4,-59.74,171.91,56.3,9.6,-11.23,-7.82,-3.7,7796686,2.13,0.63,22.33,23.04,1.17,-54.65,206.31,72.1,10.82,10.86,8.74,1.95,14749564,2.13,0.54,11.53,11.22,-8.48,-59.09,176.3,63.89,9.76,10.28,7.96,2.15,7988705
OPTT,2.62,0.22,71.18,176.86,318.87,-38.86,791.67,62.62,1.07,-24.11,-15.75,-9.93,30252014,2.64,0.2,139.97,283.07,460.74,-19.43,1075,78.12,1.41,-12.42,0.71,-13.04,35252412,2.63,0.19,201.44,369.58,554.93,17.52,1241.67,90.33,1.61,45.05,34.17,8.11,79221182
SMSI,0.66,0.21,15,42.36,-13.36,-81.78,163.41,55.25,1.37,-15.95,-16.46,0.61,626322,0.69,0.21,40.5,71.36,2.59,-78.32,213.4,64.62,1.63,-12.37,-14.21,2.15,1155279,0.67,0.19,66.87,98.84,16.65,-75.27,257.62,75.08,1.86,32.86,30.99,1.43,1671781
STI,-0.02,0.14,-3.5,9.45,-48,-95.3,87.11,48.22,0.51,-13.39,-7.46,-6.41,3069660,-0.06,0.13,12.3,27.15,-40.79,-94.57,116.04,53.13,0.58,-13.39,-13.43,0.04,3687779,-0.05,0.13,31.66,48.18,-32.49,-93.73,149.44,59.64,0.67,-12.58,-13.1,0.6,5255582
AENT,0.2,1.31,-36.49,-19.5,46.56,-57.74,357.01,36.28,4.89,-16.98,-15.83,-1.36,142324,0.17,1.3,-24.1,-2.81,77.26,-49.1,489,40.69,5.89,-22.09,-19.32,-3.44,162161,0.13,1.25,-2.97,25.65,128.84,-34.67,656,50.16,7.56,-18.53,-15.34,-3.77,110366
CERO,0.58,2.04,-46.04,-75.94,-94.03,-99.78,-1.1,33.82,2.8,-14.89,-10.26,-5.17,260431,0.6,2.15,-39.04,-71.99,-93.1,-99.74,16.21,35.03,3.29,11.15,10.77,0.34,477672,0.52,2.27,-47.26,-75,-93.9,-99.77,-7.51,33.54,2.96,-20,-12.17,-8.92,580333
GCTK,-0.24,0.07,-48.05,-73.69,-93.19,-97.54,10.91,31.14,0.12,-18.5,-4.84,-14.36,169500951,-0.22,0.07,-38.32,-69.88,-91.68,-96.98,36.09,32.93,0.15,27.95,3.24,23.93,672322116,-0.29,0.07,-53.05,-77.91,-93.53,-97.64,6.36,28.42,0.12,-15.71,-13.27,-2.81,69328054
INZY,1.41,0.3,-44.79,-50.18,-66.75,-80.63,-6.21,21.7,1.51,-12.21,-11.7,-0.58,1535287,1.39,0.3,-38.76,-44.37,-62.37,-77.93,-12.69,23.86,1.72,-13.78,-15.69,2.26,1516559,1.35,0.29,-30.51,-36.66,-56.6,-74.41,-16.35,27.15,2,-28.75,-26.38,-3.21,2230994
MBIO,1.73,0.04,-24.69,-30.87,-53.61,-90.54,12.26,36.55,0.14,-35.77,-10.29,-28.41,15055412,1.7,0.04,15.41,5.96,-28.68,-85.37,74.79,56.72,0.22,-12.74,-6.71,-6.47,5224259,1.76,0.04,33.12,20.64,-19.18,-83.23,100.31,71.72,0.26,15.38,11.81,3.19,19060048
RIME,0.28,0.04,-24.87,-56.49,-88.22,-96.03,7.86,40.47,0.08,-22.19,3.58,-24.88,64647356,0.23,0.04,-3.31,-45.42,-84.96,-94.9,38.62,43.52,0.1,-25.45,-22.69,-3.56,101001408,0.28,0.04,30.53,-28.64,-79.96,-93.16,85.93,48.78,0.13,-18.35,-18.65,0.36,38482814
SES,0.49,0.31,-33.35,14.69,-19.18,-67.58,310.15,43.55,0.82,-12.73,-13.65,1.06,35140001,0.47,0.32,-22.34,32.55,-7.77,-62.85,370,45.54,0.94,-25.98,-18.26,-9.45,21078781,0.39,0.32,7.04,81.02,24.23,-49.8,535,51.57,1.27,-18.06,-13.01,-5.81,17912440
SPI,0.48,0.22,56.29,93.86,72.56,-56.23,183.7,69.54,0.77,-10.42,-9.88,-0.6,43594902,0.5,0.18,82.21,120.38,92.99,-51.14,216.7,79.02,0.86,11.05,11.05,0,6872812,0.6,0.18,74.26,102.96,74.32,-56,185.19,76.14,0.77,23.22,20.31,2.42,67944087
VRME,0.29,0.7,141.5,200.98,140.28,-35.48,453.25,70.16,3.2,-22.52,-29.98,10.65,20884433,0.42,0.61,245.19,303.32,212.17,18.34,614.04,88.04,4.13,61.96,29.06,25.49,57008682,0.53,0.47,149.48,163.98,94.75,-26.93,340.87,80,2.55,51.79,41.67,7.14,57707878
ZBAI,-0.67,0.28,63.77,113.3,111.85,-23.6,227.5,72.52,1.91,-11.37,-18.72,9.05,97394,-0.65,0.26,94.89,146.37,140.21,0.23,269.51,84.77,2.15,14.63,23.14,-6.91,150705,-0.56,0.22,81.64,121.64,111.13,19.75,222.36,81.52,1.88,25.33,29.66,-3.33,307673
AIMD,1.38,0.12,33.27,44.52,0.06,-77.42,75,59.8,0.7,20.67,19.05,1.36,1198877,1.34,0.11,12.86,20.84,-17.36,-81.29,45.02,53.52,0.58,-18.3,-17.13,-1.41,1139765,1.4,0.1,39.65,48.37,0.67,-77.1,77.5,63.49,0.71,23.89,-5.57,31.2,16490371
CTCX,0.11,0.13,67.42,95.24,-45.05,-84.6,207.8,65.96,0.62,12.61,16.09,-3,707547,0.13,0.13,57.18,76.36,-51.7,-86.33,173.34,62.55,0.55,11.08,24.66,-10.89,738577,0.27,0.13,48.45,60.98,-56.93,-87.69,146.07,59.57,0.49,17.19,17.22,-0.02,3789791
GRYP,2.43,0.08,1.9,-22.22,-51.46,-94.74,26.32,46.01,0.44,11.73,10.75,0.88,4391252,2.42,0.08,-10.27,-30.98,-56.78,-95.3,13.06,39.77,0.4,-12.2,-10.03,-2.41,9179998,2.45,0.08,-0.05,-22.34,-51.03,-94.64,28.77,45.57,0.45,19.72,-2.53,22.83,92178093
GWAV,1.4,0.1,-34.69,-20.99,-89.1,-99.73,47.89,36.87,0.42,11.71,5.03,6.36,2652096,1.38,0.1,-42.71,-29.28,-90.48,-99.76,32.39,32.92,0.38,-28.84,-28.01,-1.15,5060688,1.35,0.09,-21.41,-0.82,-86.94,-99.66,86.04,41.22,0.53,-21.21,-21.45,0.31,2884967
RGTI,1.43,2.93,-29.03,36.62,271.08,-58.22,1256.06,46.64,8.95,47.93,36.23,8.6,348744862,1.41,2.93,-51.45,-5.47,154.75,-71.76,816.67,40.21,6.05,-32.25,-17.12,-18.25,186801556,1.33,2.93,-28.73,41.55,279.65,-58.31,1253.03,45.23,8.93,-11.06,-9.62,-1.59,171090070
RR,-8.48,0.74,9.37,92.6,117.97,-78.84,760.36,53.96,2.6,22.64,13.04,8.49,55775049,-8.97,0.71,-7.21,61.58,78.57,-82.75,601.52,49.33,2.12,-24.56,-15.2,-11.03,25261216,-9.72,0.7,26.52,118.77,137.32,-77.14,829.85,56.98,2.81,-11.08,-9.65,-1.58,22794767
TRUG,-0.81,0.14,-3.86,6,-44.73,-94.36,61.02,48.75,0.56,10.31,8.32,1.84,841974,-0.83,0.14,-12.51,-4.39,-50.09,-95.64,45.97,45.87,0.51,-11.1,-5.33,-6.09,1156945,-0.85,0.15,-1,6.77,-44.11,-95.1,64.19,48.97,0.57,-12.89,-14.99,2.47,1883256
ASST,6.16,0.09,-0.48,-16.98,-66.56,-89.07,41.94,45.96,0.48,-10.11,-7.67,-2.65,663860,6.28,0.1,10.11,-9.12,-63.2,-87.84,57.91,49.84,0.53,15.15,4.32,10.38,1130253,6.1,0.1,-4.58,-22.4,-68.39,-89.44,37.13,44.14,0.46,-14.77,-14.75,-0.02,982223
AZTR,-1.38,0.07,-38.94,-44.21,-89.07,-99.62,-26.94,36.78,0.26,-39.03,-14.4,-28.77,5508977,-1.73,0.06,-2.01,-9.45,-82.3,-99.38,19.83,47.59,0.42,-26.75,-13.69,-15.13,9694492,-1.25,0.05,33.01,23.14,-76.11,-99.16,61.52,63.9,0.57,59.72,63.58,-2.36,22198127
EYEN,1.36,0.03,-34.97,-62.17,-88.77,-97.44,-14.42,36.25,0.07,-23.37,-13.86,-11.05,33476715,1.36,0.03,-15.86,-52.92,-85.46,-96.65,11.69,39.92,0.09,-10.42,-9.57,-0.94,17139908,1.35,0.03,-6.16,-49.88,-83.9,-96.26,24.68,41.88,0.1,-11.11,-9,-2.31,21038556
GMGI,1.92,0.18,6.78,-4.72,-21.99,-65.07,17.74,52.08,2.19,-11.69,-11.34,-0.4,115942,1.93,0.17,21.3,7.6,-11.76,-60.45,33.33,66.24,2.48,12.73,13.24,-0.45,759550,1.95,0.15,8.86,-4.43,-21.79,-64.91,18.28,55.35,2.2,11.68,13.4,-1.52,212503
PHIO,1.39,1.03,12.14,2.95,-36.59,-74.3,73.86,50.46,2.66,-25.7,-11.33,-16.2,4162131,1.19,1.02,50.45,38.22,-15.01,-65.41,133.99,55.97,3.58,-45.76,-7.25,-41.52,11119120,1.51,0.84,181.56,155.66,56.14,-36.23,331.37,83.9,6.6,290.53,60.19,143.79,280143636
AIFF,3.03,0.61,41.38,27,-27.92,-76.73,98.92,65.77,3.7,17.46,20.52,-2.54,3657916,3.08,0.57,21.69,8.58,-39.03,-80.19,69.35,58.7,3.15,65.79,-29.84,136.32,130995000,3.07,0.31,-26.31,-34.6,-63.49,-88.05,-5.47,26.77,1.9,-16.3,-12.44,-4.41,142155
CTM,-2.88,0.34,-5.35,82.18,251.1,-64.66,722.37,51.51,1,19.02,12.36,5.93,7419804,-2.87,0.35,-17.61,57.97,198.87,-70.31,590.95,48.42,0.84,16.68,-8.39,27.36,26274573,-2.88,0.34,-27.42,38.97,158.92,-74.55,492.19,46.01,0.72,-30.76,-12.18,-21.15,7799603
HUSA,0.46,0.15,28.85,31.29,35.16,-29.19,89.46,67.27,1.82,11.66,11.66,0,687341,0.44,0.14,17.18,18.34,21.27,-36.59,69.69,60.66,1.63,-12.83,-9.94,-3.21,896922,0.45,0.12,35.65,36.5,39.29,-27.25,94.67,79.48,1.87,11.31,9.36,1.79,1951872
QBTS,1.23,1.64,-25.65,24.63,183.09,-49.26,749.85,47.52,5.79,22.41,-3.5,26.85,200363806,1.25,1.64,-38.95,3.93,133.41,-58.55,594.26,43.11,4.73,23.5,11.03,11.23,138562550,1.22,1.69,-50.3,-14.49,90.23,-66.43,462.16,39.07,3.83,-33.62,-15.82,-21.14,105327664
QUBT,2.87,3.25,-25.6,29.1,315.58,-57.46,3154.44,48.8,11.55,55.45,32.61,17.23,109585477,2.88,3.18,-51.38,-14.97,172.51,-72.63,1993.55,40.66,7.43,13.96,3.77,9.82,42306076,2.87,3.31,-57.19,-24.31,141.98,-75.99,1737.14,38.66,6.52,-27.39,-18.5,-10.91,36210331
ATOM,1.41,1.9,-26.68,1.77,70.85,-52.14,263.64,43.8,8.4,-24.8,-27.27,3.4,2091701,1.43,1.77,-2.21,36.62,127.68,-36.35,383.55,52.2,11.17,20.11,12.83,6.45,1220214,1.42,1.72,-17.25,15.73,90.54,-47.01,302.6,45.67,9.3,-11.85,-16.14,5.12,1047048
YYAI,0.78,0.29,-13.25,-55.82,-89.06,-98.04,18.18,33.04,1.04,-15.45,-14.05,-1.63,2227514,0.75,0.28,2.68,-48.89,-87.09,-97.68,39.77,37.62,1.23,-17.45,-25.45,10.74,2051981,0.77,0.26,25.17,-39.36,-84.39,-97.19,69.32,45.65,1.49,16.41,17.32,-0.78,394737
DATS,2.38,1.38,62.88,112.41,222.18,-44,417.82,57.65,5.23,-10.6,-11.51,1.03,4227623,2.39,1.42,92.72,144.34,264.76,-37.37,479.21,60.51,5.85,37.32,40.63,-2.35,80755035,2.08,1.29,50.45,84.5,169.4,-54.39,321.78,55.22,4.26,-12.7,-9.94,-3.07,2602710
QMCO,3.08,10.05,-27.62,31.58,185.04,-64.03,1368.47,48.49,32.6,-15.48,-8.35,-7.78,1574599,3.07,10.34,-13.52,59.37,240.48,-57.45,1637.39,52.16,38.57,15.13,20.55,-4.49,3271310,3.14,10.41,-23.57,42.46,199.35,-63.04,1409.01,49.12,33.5,49.49,24.07,20.48,5518698
XXII,1.59,2.07,-10.34,-46.86,-93.86,-99.12,30.77,41.18,22,-17.61,-21.54,5.01,722748,1.59,2.12,9.53,-36.71,-92.66,-98.94,58.72,44.94,22,-19.82,-17.47,-2.85,1040806,1.55,2.14,37.32,-22.22,-90.99,-98.67,97.95,51.01,22,21.57,0,21.57,7844491
BZAI,-0.09,3.52,-33.6,-30.18,-26.42,-72,33.71,38.69,8.29,27.54,7.8,18.31,2190953,-0.1,3.41,-48.63,-45.54,-42.37,-78.05,-29.73,31.29,6.5,-32.29,-35.45,4.9,576797,-0.06,3.34,-25.63,-20.22,-15.04,-67.58,3.78,38.83,9.6,-26.66,-28.89,3.13,397837
ZEO,-0.81,0.59,30.77,68.6,10.69,-71.55,213.93,61.46,3.3,41.03,-9.84,56.41,33449534,-0.82,0.52,-4.53,21.92,-21.84,-79.83,122.6,50.16,2.34,-12.03,-11.7,-0.38,125853,-0.74,0.5,8.66,39.97,-11.66,-77.07,153.04,55.16,2.66,31.68,26.67,3.96,123855
ASST,7.44,0.21,80.17,83.68,-23.01,-75.63,216.42,64.38,1.06,-22.06,-22.06,0,23773761,6.73,0.2,145.69,137.89,-1.58,-68.74,305.97,79.41,1.36,51.11,8.8,38.89,137899671,6.43,0.15,78.31,60.6,-35.06,-79.31,168.66,69.15,0.9,93.76,-21.74,147.58,265436404
GCTK,-0.4,0.05,-51.71,-70.37,-94.8,-98.17,45.34,33.24,0.09,-13.58,-9.6,-4.4,32336824,-0.37,0.06,-47,-68.14,-94.02,-97.89,68.17,34.36,0.1,-16.32,-7.92,-9.12,53504059,-0.34,0.06,-38.49,-64.59,-92.89,-97.47,100.96,35.97,0.12,47.23,13.64,29.56,608985393
GODN,-0.01,1.28,-25.61,-24.23,-20.68,-51.2,-3.01,36.19,8.53,-23.38,-22.13,-1.62,20320,0.2,1.17,-4.03,-1.52,3.45,-30.33,26.59,46.92,11.14,-30.33,-30.94,0.88,40418,0.01,0.69,37.69,41.42,48.54,8.78,81.7,96.29,15.99,25.91,22.72,2.6,29958
STAI,-0.21,1.12,-48.22,-74.19,-80.89,-84.5,33.82,34.79,1.89,-12.5,-10,-2.78,3008845,-0.06,1.18,-42.99,-71.22,-78.26,-82.28,52.94,35.95,2.16,46.94,45.95,0.68,51289842,0.22,1.17,-62.62,-80.87,-85.26,-87.94,-6.37,30.48,1.47,-16,-16,0,916000
TPET,-7.26,0.47,26.34,39.28,-50.88,-86.03,154.43,55.17,2.01,-12.99,-12.61,-0.43,2316067,-7.42,0.48,49.42,58.66,-43.54,-83.95,192.41,60.53,2.31,-13.16,-0.43,-12.78,2647669,-7.89,0.48,76.86,81.5,-34.96,-81.52,236.71,67.65,2.66,49.44,6.4,40.45,45637975
VRME,0.64,0.79,-12.2,42.39,33.61,-63,219.85,47.96,1.85,-22.92,-29.92,10,6167509,0.66,0.78,17.3,86.45,73.56,-52,314.94,52.91,2.4,-20,-10.45,-10.67,3343227,0.61,0.79,53.25,137.3,117.66,-40,418.67,59.09,3,-16.67,-12.28,-5,3176177
DWTX,1.32,2.29,335.56,373.88,149.68,-15.08,724.07,90.06,13.35,376.79,390.81,-2.86,102635131,1.34,0.43,11.35,6.09,-47.54,-86.67,72.84,54.44,2.8,-11.11,1.45,-12.38,645065,1.27,0.41,26.48,17.88,-41.49,-85.84,94.44,61.2,3.15,68.45,24.51,35.29,24333179
HEPA,1.61,0.09,-56.93,-64.36,-77.48,-94.27,65.29,30.02,0.2,48.15,1.11,46.52,535987090,1.67,0.08,-71.81,-76.32,-84.99,-96.13,-52.01,23.13,0.14,-58.05,3.29,-59.38,35164021,1.71,0.07,-35.46,-44.53,-64.72,-90.78,-24.76,31.37,0.32,-31.39,-25.11,-8.38,1656499
NTRB,0.47,0.87,108.08,112.69,88.82,3.18,345.95,84.53,9.9,34.88,23.75,8.99,3091439,0.4,0.6,64.32,60.69,40.71,-23.5,230.63,76.71,7.34,40.88,11.38,26.49,4333464,0.39,0.42,20.79,14.91,0.17,-45.7,134.68,61.76,5.21,26.74,31.57,-3.67,72420
VNCE,1.41,0.9,0.55,46.2,90.96,-43.4,207.09,55.34,3.9,65.96,-11.76,88.09,134813482,1.44,0.72,-40.12,-10.55,15.33,-65.89,85.04,37.51,2.35,-20.34,-20.34,0,2297682,1.46,0.71,-25.24,12.72,44.54,-57.18,132.28,43.79,2.95,-13.24,6.5,-18.53,441226
XCUR,3.74,2.77,8.3,-5.52,154.16,-62.06,848.61,52.19,13.66,31.73,-10.43,47.06,569553,3.77,2.61,-19.39,-27.16,94.92,-71.19,620.14,44.22,10.37,-15.07,-8.88,-6.8,477801,3.78,2.65,-7.02,-13.28,131.15,-66.08,747.92,48.41,12.21,21.25,19.94,1.09,107822
LTBR,2.38,1.09,34.51,34.84,97.5,-43.45,263.35,59.95,8.03,-20.96,-12.24,-9.94,7150755,2.26,0.98,75.27,70.07,151.53,-28.45,359.73,75.79,10.16,41.11,49.85,-5.83,14275354,2.22,0.75,30.39,20.69,79.9,-49.3,225.79,63.26,7.2,17.46,14.47,2.61,3112274
RENB,0.67,0.18,3.59,-9.93,-15.79,-83.04,125.47,48.09,0.89,-14.37,-15.98,1.92,1629785,0.62,0.18,19.38,5.73,-2.57,-80.19,163.29,53.9,1.04,30.51,26.98,2.77,4166970,0.61,0.17,-11.57,-18.19,-25.94,-84.82,101.75,43.59,0.8,11.47,9.77,1.55,1281407
VINC,1.07,0.03,-43.89,-53.34,-81.34,-98.89,3.79,32.34,0.1,-19.44,-3.7,-16.34,7355467,1.08,0.03,-32.07,-43.22,-77.77,-98.62,28.84,35.95,0.13,15.89,10.34,5.03,8105800,1.13,0.03,-42.56,-51.82,-81.67,-98.81,-20.14,30.89,0.11,-24.47,-15.29,-10.85,8595745
YYAI,0.68,0.25,-59.34,-76.77,-95.23,-99.15,-10.85,22.59,0.45,-13.9,-15.31,1.67,1564745,0.71,0.26,-54.13,-74.22,-94.48,-99.02,-14.98,23.67,0.52,-17.35,-14.7,-3.1,521023,0.74,0.27,-45.75,-70.12,-93.34,-98.81,-14.93,25.39,0.63,-18.25,-16.07,-2.6,404450
LSTA,1.13,0.37,-20.91,-11,-12.23,-36.19,22.37,39.1,2.68,10.29,11.67,-1.23,88551,1.15,0.37,-28.65,-19.43,-20.47,-42.14,10.96,32.75,2.43,-11.64,-7.25,-4.73,112736,1.19,0.37,-19.58,-9.11,-10.09,-34.52,25.57,37.39,2.75,-29.49,7,-34.1,381854
ALUR,-0.65,2.3,4.64,-18.96,-70.99,-93.06,189.41,50.54,6.85,-21.17,-6.42,-15.77,1836187,-0.79,2.28,29.87,0.15,-63.58,-91.2,267.15,57.86,8.69,134.86,-11.33,164.86,70404034,-0.78,1.45,-44.7,-58.3,-84.65,-96.25,56.32,33.66,3.7,21.31,20.92,0.33,3886429
AXIL,-0.6,0.43,36.83,41.84,-8.5,-57.77,67.01,68.25,5.91,-10.42,-9.04,-1.52,23793,-0.67,0.39,56.34,59.69,1.63,-56,86.44,80.99,6.6,39.01,29.41,7.41,75621,-0.7,0.26,16.06,16.26,-27.23,-68.35,34.12,64.36,4.75,19,15.8,2.76,27323
BJDX,0.49,0.56,2.33,-1.04,-93.85,-98.98,29.7,50.18,3.93,-11.49,-4.15,-7.66,60116,0.46,0.55,15.81,11.36,-93.18,-98.85,46.53,56.92,4.44,11,5.71,5,411341,0.44,0.49,5.44,0.27,-93.97,-98.97,32.01,51.72,4,10.5,10.8,-0.28,92248
GOEV,1.21,0.46,-63.74,-90.43,-98.53,-99.6,27.91,24.87,0.41,-13.83,-13.83,0,10640588,1.18,0.48,-59.81,-89.55,-98.31,-99.53,48.44,25.35,0.47,43.94,39.79,2.97,281208152,1.21,0.48,-73.33,-93.04,-98.84,-99.68,3.13,22.25,0.33,-11.53,-10.74,-0.88,3667675
SLNH,3.06,0.34,-3.34,-22.05,-38.78,-75.34,55,45.26,2.17,-21.66,-16.54,-6.14,1254535,3.02,0.31,23.33,-1.9,-21.93,-68.52,97.86,58.46,2.77,17.37,18.38,-0.85,1407598,3.01,0.3,6.31,-16.92,-33.49,-73.18,68.57,49.02,2.36,14.01,14.01,0,635948
ACON,0.4,0.03,-68.96,-76.26,-85.83,-99.01,-3.94,34.52,0.03,-17.02,-7.04,-10.73,64723182,0.31,0.03,-64.51,-72.02,-83.03,-99.01,15.76,35.56,0.04,-30.42,-13.18,-19.85,111256045,0.25,0.03,-51.03,-60.64,-75.76,-98.57,66.36,38.31,0.05,27.08,-21.79,62.5,769478168
MGOL,7.46,0.13,-68.48,-88.26,-94.62,-99.09,-33.29,16.81,0.17,-41.24,-16.85,-29.33,33000208,7.24,0.13,-47.72,-80.67,-90.88,-98.45,-17.37,19.05,0.28,-22.89,-8.35,-15.86,9202612,7.35,0.13,-33.26,-75.67,-88.22,-97.99,1.94,20.91,0.37,-24.95,-21.91,-3.89,5845632
TECX,1.17,5.3,-42.57,-46.02,-10.71,-54.24,101.65,26.72,24.44,-40.65,-40.02,-1.04,1183605,1.18,3.71,-6.18,-9.97,50.71,-22.9,239.77,44.7,41.18,-11.9,-10.11,-1.99,213731,1.16,3.44,5.37,1.97,71.88,-12.49,285.64,56.4,46.74,10.76,8.7,1.9,410510
WINT,0.56,0.04,-43.87,-60.81,-95.78,-99.04,-8.52,16.86,0.14,-10.42,-8.58,-2.02,4064554,0.52,0.05,-39.42,-57.24,-95.33,-98.93,-8.02,18.17,0.16,-11.66,-2.94,-8.98,5261203,0.53,0.05,-33.28,-52.72,-94.76,-98.78,-4.83,19.99,0.18,-11.07,-10.85,-0.25,53263438
ATRA,0.47,1.77,-29.17,-29.3,-24.63,-78.84,54.81,41.76,8.36,13.43,11.47,1.76,292116,0.43,1.82,-38.76,-38.02,-33.84,-81.34,36.48,37.79,7.37,-10.34,-7.99,-2.55,267102,0.41,1.88,-33.34,-31.38,-26.58,-79.19,52.22,39.96,8.22,18.61,18.79,-0.14,720480
PSIX,1,4.65,13.43,28.36,128.01,-14.82,1961.38,57.05,38.96,22.09,13.79,7.3,472787,1.05,4.43,-5.8,5.66,88.77,-30.24,1723.43,48.47,31.91,-25.79,-11.36,-16.28,812508,1.04,3.85,26.8,42.25,156.62,2.51,2357.14,68.43,43,10.26,7.5,2.56,667508
BACK,0.24,0.22,-33.6,-31.17,-56.64,-89.72,69.57,39.25,0.8,-34.67,-12.99,-24.92,2301820,0.22,0.2,-0.44,4.77,-34.07,-84.26,159.57,51.78,1.22,47.17,-8.27,60.43,58709316,0.18,0.16,-32.46,-28.74,-55.39,-89.3,76.38,33.59,0.83,12.8,12.01,0.71,4100439
CRKN,1.06,0.03,-42.92,-76.49,-98.45,-99.93,-6.31,24.29,0.06,-12.12,-2.72,-9.67,44226235,1.1,0.03,-37.45,-74.99,-98.25,-99.92,6.62,25.41,0.07,-23,-7.6,-16.67,70040443,1.08,0.04,-21,-69.38,-97.75,-99.9,38.46,28.39,0.09,-12.02,-6.64,-5.77,27053918
HEPA,1.64,0.08,-56.23,-66.29,-79.03,-94.93,46.28,32.25,0.18,-20.52,-11.5,-10.19,26239331,1.67,0.09,-46.8,-58.33,-73.94,-93.62,84.05,34.62,0.22,34.97,2.82,31.27,314151149,1.61,0.08,-61.82,-69.59,-80.92,-95.27,36.36,28.46,0.17,-13.43,-8.28,-5.61,26845547
NRXP,1.16,0.68,-12.36,41.31,36.59,-57.18,185.45,50.56,3.14,-11.55,-9.25,-2.54,784286,1.1,0.69,1.39,62.53,53.64,-51.59,222.73,54.87,3.55,24.56,25,-0.35,1312524,1.15,0.67,-16.19,33.28,22.82,-61.13,159.09,47.82,2.85,-11.49,-10.09,-1.55,706052
STSS,1.36,0.24,-79.04,-83.05,-91.61,-97.92,-8.54,12.11,0.38,-18.91,-16.88,-2.44,9825374,1.52,0.25,-75.25,-79.54,-89.74,-97.43,-66.2,12.67,0.47,-68.05,3.64,-69.18,20503794,1.49,0.19,-25.57,-37.21,-68.12,-91.96,-10.98,24.47,1.46,-11.52,-10.98,-0.61,87332
VERU,-0.55,0.16,-24.23,-16.57,-32.48,-68.17,69.21,42.6,0.61,17.31,12.04,4.7,10257801,-0.52,0.16,-35.67,-28.89,-42.82,-72.86,44.24,38.49,0.52,-17.97,-21.24,4.16,12311374,-0.39,0.16,-22.37,-13.64,-30.57,-66.92,75.83,42.02,0.64,-47.51,-5.02,-44.74,44125926
REBN,2.27,0.3,26.58,44.12,-33.18,-76.93,120.65,62.37,2.03,-11.35,-5.14,-6.55,521192,2.19,0.28,44.5,64.68,-24.5,-73.98,148.91,72.18,2.29,34.71,35.5,-0.59,3301083,2.17,0.21,8.96,24.27,-43.86,-80.68,84.78,58.39,1.7,18.06,19.72,-1.39,133805
SGLY,1.02,0.47,-58.62,-50.7,-71.04,-88.15,-9.36,33.54,0.91,-12,-11.14,-0.97,284105,1.02,0.49,-53.72,-44.73,-67.3,-86.54,-10.43,34.77,1.03,-12.71,-11.97,-0.85,296994,1.05,0.5,-47.6,-37.38,-62.78,-84.58,-7.09,36.27,1.18,-20.27,-20.27,0,240714
SXTP,4.36,0.17,-20.47,-30.34,-57.33,-88.89,14.04,41.51,60,-24.53,-17.15,-8.91,2668995,4.17,0.16,2.97,-7.94,-43.81,-85.28,51.1,50.86,60,37.52,7.01,28.52,55580358,4.35,0.14,-25.95,-32.96,-59.37,-89.29,9.88,35.95,60,-11.01,-12.9,2.17,4474432
HYZN,2.83,0.14,-26.87,-51.45,-93.3,-98.58,53.45,28.37,0.64,24.98,10.71,12.89,7341127,2.82,0.13,-42.89,-61.63,-94.73,-98.86,2.4,15.2,0.51,-10.06,-5.19,-5.15,895485,2.87,0.13,-38.38,-58.03,-94.24,-98.73,13.86,16.47,0.57,-12.68,-8.62,-4.45,466290
SNAL,-0.82,0.35,11.16,41.11,100.26,-21.4,351.66,56.4,2.35,19.9,15.2,4.08,72575,-0.86,0.34,-6.18,19.31,67.95,-34.45,276.71,49.39,1.96,12,13.95,-1.71,88711,-0.81,0.34,-16.05,7.26,50.55,-41.47,236.34,44.97,1.75,-16.27,-16.67,0.48,165942
SPGC,4.2,0.12,127.4,10.92,-71.29,-90.17,241.18,69.65,0.9,52.78,18.53,28.9,128401132,3.99,0.09,59.32,-28.77,-81.34,-93.56,123.32,56.61,0.59,55.26,31.11,18.42,49972854,3.95,0.08,5.86,-55.42,-88.08,-95.85,43.83,40.64,0.38,31.03,26.67,3.45,5585029
BNZI,-0.57,0.29,18.21,18.22,-70.38,-97.78,52.89,55.07,1.85,-17.41,-11.48,-6.7,2435251,-0.63,0.28,44.61,43.36,-64.64,-97.38,85.12,66.09,2.24,16.06,-5.08,22.28,40957724,-0.7,0.24,26.89,24,-70,-97.74,59.5,60.21,1.93,54.4,30.41,18.4,29574434
CYN,-1.3,0.19,-51.07,-89.37,-95.02,-98.99,-10.39,24.36,0.27,-18.99,-6.35,-13.5,21436630,-1.26,0.2,-42.61,-87.43,-93.92,-98.76,-5.15,25.39,0.33,-10.28,-7.42,-3.1,6610338,-1.27,0.21,-38.55,-86.67,-93.31,-98.61,5.72,26,0.37,-11.78,-9.37,-2.66,4574476
EXOD,3.59,14.16,6.66,32.84,209.71,-57.51,887.72,51.05,49.88,-18.74,-23.85,6.71,155810,3.71,13.61,34,65.67,286.67,-47.72,1115.45,57.93,61.38,-31.27,-34.53,4.99,203228,3.72,11.14,99.97,146.3,473,0.36,1668.32,83.22,89.3,11.4,12.95,-1.37,216643
CMCT,0.42,0.24,-26.62,-55.47,-95.06,-98.27,19.69,35.32,0.76,13.18,8.93,3.9,288470,0.44,0.25,-39.51,-61.56,-95.69,-98.47,-2.68,31.84,0.67,-11.77,-13.93,2.51,632026,0.43,0.25,-34.23,-57.59,-95.17,-98.27,10.3,33.53,0.76,-16.56,-14.48,-2.43,342064
EVTV,2.49,0.14,-51.13,-62.68,-72.68,-85.81,39.69,23.7,0.45,31.02,40.82,-6.96,9644757,2.54,0.14,-64.16,-72.09,-79.26,-89.17,-38.12,14.59,0.35,-48.05,-36.77,-17.84,4632648,2.51,0.12,-34.03,-47.42,-60.32,-79.16,19.11,21.79,0.67,17.22,-9.86,30.05,47067043
SGN,3.59,0.97,52.28,-1.36,-61.29,-90.4,116,56.29,3.78,47.66,-21.09,87.11,58608144,3.95,0.85,5.58,-34.8,-73.92,-93.5,46.29,46.87,2.56,-41.01,-28.69,-17.28,3011824,3.36,0.77,78.58,6.71,-56.08,-89.73,148,66.2,4.34,123.71,85.47,20.62,96954478